"Site_ID","Lake","LID","Monitoring_ID","Lat","Lon","Site_size","DHT","Date_Time","Weather","Lake_water_clarity_m","Sediment_sample","Macrophyte_sample","Distance_5m","Distance_20m","Distance_deep","Calculated_slope","Notes","Size_m2","Perimter_m","Size_km2","Perimter_km","Catchment_size_km2","Mean_depth_m","Max_depth_m","Volume_km3","Elevation_m","Mixing","TLI","Trophic_state","LakeSPI","Shear_stress","Bottom_visible","Water_clarity","Depth_10m","Slope","Riparian_vegetation","Riparian_species","Overhanging_trees","Erosion","Sructure","Bedrock","Boulders","Cobble","Gravel","Sand","Mud","Organic_matter","Turf","Rock_size","Temperature","DO_mgl","DO_percent","Conductivity","Specific_conductivity","pH","Vegetation_nearby","Vegetation_species","Wood_cover","Other","Emergent_Native","Emergent_Non_Native","Submerged_Native","Submerged_Non_Native","Total_Individuals_Bullies","Total_Individuals_Morihana","Total_Individuals_Kōura","Total_Individuals_Common_smelt","Total_Individuals_Eel","Total_Individuals_Kōaro","Total_Individuals_Trout","Total_Individuals_Mosquitofish","Total_Individuals_Catfish","Weighted_CPUE_Bullies","Weighted_CPUE_Morihana","Weighted_CPUE_Kōura","Weighted_CPUE_Common_smelt","Weighted_CPUE_Eel","Weighted_CPUE_Kōaro","Weighted_CPUE_Trout","Weighted_CPUE_Mosquitofish","Weighted_CPUE_Catfish","Weighted_BCUE_Bullies","Weighted_BCUE_Morihana","Weighted_BCUE_Kōura","Weighted_BCUE_Common_smelt","Weighted_BCUE_Eel","Weighted_BCUE_Kōaro","Weighted_BCUE_Trout","Weighted_BCUE_Mosquitofish","Weighted_BCUE_Catfish","Total_Weight_Bullies","Total_Weight_Morihana","Total_Weight_Kōura","Total_Weight_Common_smelt","Total_Weight_Eel","Total_Weight_Kōaro","Total_Weight_Trout","Total_Weight_Mosquitofish","Total_Weight_Catfish","Mean_Length_Bullies","Mean_Length_Morihana","Mean_Length_Kōura","Mean_Length_Common_smelt","Mean_Length_Eel","Mean_Length_Kōaro","Mean_Length_Trout","Mean_Length_Mosquitofish","Mean_Length_Catfish","Mean_Weight_Bullies","Mean_Weight_Morihana","Mean_Weight_Kōura","Mean_Weight_Common_smelt","Mean_Weight_Eel","Mean_Weight_Kōaro","Mean_Weight_Trout","Mean_Weight_Mosquitofish","Mean_Weight_Catfish","Weighted_CPUE_numerator_Bullies","Weighted_CPUE_numerator_Morihana","Weighted_CPUE_numerator_Kōura","Weighted_CPUE_numerator_Common_smelt","Weighted_CPUE_numerator_Eel","Weighted_CPUE_numerator_Kōaro","Weighted_CPUE_numerator_Trout","Weighted_CPUE_numerator_Mosquitofish","Weighted_CPUE_numerator_Catfish","Weighted_BCUE_numerator_Bullies","Weighted_BCUE_numerator_Morihana","Weighted_BCUE_numerator_Kōura","Weighted_BCUE_numerator_Common_smelt","Weighted_BCUE_numerator_Eel","Weighted_BCUE_numerator_Kōaro","Weighted_BCUE_numerator_Trout","Weighted_BCUE_numerator_Mosquitofish","Weighted_BCUE_numerator_Catfish","Total_Effort_sum_Bullies","Total_Effort_sum_Morihana","Total_Effort_sum_Kōura","Total_Effort_sum_Common_smelt","Total_Effort_sum_Eel","Total_Effort_sum_Kōaro","Total_Effort_sum_Trout","Total_Effort_sum_Mosquitofish","Total_Effort_sum_Catfish","Min_Length_Bullies","Min_Length_Morihana","Min_Length_Kōura","Min_Length_Common_smelt","Min_Length_Eel","Min_Length_Kōaro","Min_Length_Trout","Min_Length_Mosquitofish","Min_Length_Catfish","Max_Length_Bullies","Max_Length_Morihana","Max_Length_Kōura","Max_Length_Common_smelt","Max_Length_Eel","Max_Length_Kōaro","Max_Length_Trout","Max_Length_Mosquitofish","Max_Length_Catfish","Min_Weight_Bullies","Min_Weight_Morihana","Min_Weight_Kōura","Min_Weight_Common_smelt","Min_Weight_Eel","Min_Weight_Kōaro","Min_Weight_Trout","Min_Weight_Mosquitofish","Min_Weight_Catfish","Max_Weight_Bullies","Max_Weight_Morihana","Max_Weight_Kōura","Max_Weight_Common_smelt","Max_Weight_Eel","Max_Weight_Kōaro","Max_Weight_Trout","Max_Weight_Mosquitofish","Max_Weight_Catfish","Richness","Abundance","Presence_Kōura","Presence_Kōaro","Presence_Bullies","Presence_Common_smelt","Presence_Trout","Presence_Morihana","Presence_Eel","Presence_Catfish","Presence_Mosquitofish","Dragonfly larvae Small","Diving beetle","NA","Caddishfly","Damselfly larvae","Dragonfly larvae Large","Snails","Invertebrates_Richness","Invertebrates_Abundance","Presence_rocks","Slope_5m","Site_ID_","Monitoring_ID_","Monitoring","Date","Time","Year","Month","Day","Season","Date_Time_Numeric","Habitat_Type"
61,"Rotorua",11133,"61_0",-38.13512,176.2744,NA,"Sandy",2025-02-20 13:50:00,"Sunny",3.4,1,1,675.544467742378,1005.27744611391,663.554783619257,0.00753517286504706,"Close to geotehermal and has cold water spring",80632851.4203681,45495.9650385472,80.6328514203681,45.4959650385472,508,11,45,0.802,280,"Polymictic",4.2,"Eutrophic",22.4,NA,0,NA,0.6,0.06,50,"Native forest",0,0,0,0,0,0,0,90,10,0,0,NA,25.3,5.25,63.9,445.8,443.009043028918,3.78,0,NA,10,NA,0,0,0,0,28,0,0,0,0,0,0,0,0,7,0,0,0,0,0,0,0,0,3113,0,0,0,0,0,0,0,0,12452,NA,NA,NA,NA,NA,NA,NA,NA,NA,NA,NA,NA,NA,NA,NA,NA,NA,1567.375,NA,NA,NA,NA,NA,NA,NA,NA,28,NA,NA,NA,NA,NA,NA,NA,NA,12452,NA,NA,NA,NA,NA,NA,NA,NA,4,NA,NA,NA,NA,NA,NA,NA,NA,NA,NA,NA,NA,NA,NA,NA,NA,NA,NA,NA,NA,NA,NA,NA,NA,NA,NA,23,NA,NA,NA,NA,NA,NA,NA,NA,6300,NA,NA,NA,NA,NA,NA,NA,NA,1,0,0,0,1,0,0,0,0,0,0,0,0,0,1,0,0,0,1,1,0,0.00740143726838538,1,"1_0","0",2025-02-20,"13:50:00",2025,"Feb",20,"Summer",1740059400,"Sandy"
62,"Rotorua",11133,"62_0",-38.08189,176.2798,NA,"Rocky",2025-02-20 11:45:00,"Sunny",3.4,1,0,107.152203579757,407.913942363974,104.987389019756,0.0476247675714568,NA,80632851.4203681,45495.9650385472,80.6328514203681,45.4959650385472,508,11,45,0.802,280,"Polymictic",4.2,"Eutrophic",22.4,NA,1,NA,1.7,0.17,100,"Native forest",100,0,0,0,40,0,0,60,0,0,0,NA,22.9,7.85,91.3,192.6,201.485511036719,7.03,0,NA,20,NA,0,0,0,0,31,0,1,10,0,0,1,0,0,7.75,0,0.25,2.5,0,0,0.25,0,0,135.25,0,14,6,0,0,4.25,0,0,541,NA,56,24,NA,NA,17,NA,NA,NA,NA,41.79,NA,NA,NA,90,NA,NA,141,NA,56,24,NA,NA,17,NA,NA,31,NA,1,10,NA,NA,1,NA,NA,541,NA,56,24,NA,NA,17,NA,NA,4,NA,4,4,NA,NA,4,NA,NA,NA,NA,41.79,NA,NA,NA,90,NA,NA,NA,NA,41.79,NA,NA,NA,90,NA,NA,23,NA,56,24,NA,NA,17,NA,NA,282,NA,56,24,NA,NA,17,NA,NA,4,2,1,0,1,1,1,0,0,0,0,0,0,0,0,0,0,0,0,0,1,0.0466625961292371,2,"2_0","0",2025-02-20,"11:45:00",2025,"Feb",20,"Summer",1740051900,"Rocky"
63,"Rotorua",11133,"63_0",-38.03755,176.3071,NA,"Sandy",2025-02-20 11:00:00,"Sunny",3.4,1,1,335.663354943525,1173.15686417623,333.12002096304,0.0150096052033893,"Big rocks around",80632851.4203681,45495.9650385472,80.6328514203681,45.4959650385472,508,11,45,0.802,280,"Polymictic",4.2,"Eutrophic",22.4,NA,1,3.4,0.48,0.048,100,"Native forest",100,0,0,0,10,0,0,90,0,0,0,NA,22.4,6.89,79.3,181.7,192.193780410408,7.02,1,"Elodea",3,NA,0,0,0,0,5,1,0,0,1,0,0,0,0,1.25,0.25,0,0,0.25,0,0,0,0,743,43.75,0,0,750,0,0,0,0,2972,175,NA,NA,3000,NA,NA,NA,NA,NA,195,NA,NA,970,NA,NA,NA,NA,249.75,175,NA,NA,3000,NA,NA,NA,NA,5,1,NA,NA,1,NA,NA,NA,NA,2972,175,NA,NA,3000,NA,NA,NA,NA,4,4,NA,NA,4,NA,NA,NA,NA,NA,195,NA,NA,970,NA,NA,NA,NA,NA,195,NA,NA,970,NA,NA,NA,NA,5,175,NA,NA,3000,NA,NA,NA,NA,613,175,NA,NA,3000,NA,NA,NA,NA,3,2,0,0,1,0,0,1,1,0,0,0,0,0,18,0,0,0,1,18,1,0.0148958768550748,3,"3_0","0",2025-02-20,"11:00:00",2025,"Feb",20,"Summer",1740049200,"Sandy"
64,"Rotorua",11133,"64_0",-38.03521,176.2489,NA,"Sandy",2025-02-20 10:00:00,"Cloudy",3.4,1,1,881.755858102286,4169.54573003321,881.75332127199,0.0056705201776696,"weeds washed to shore",80632851.4203681,45495.9650385472,80.6328514203681,45.4959650385472,508,11,45,0.802,280,"Polymictic",4.2,"Eutrophic",22.4,NA,1,NA,0.5,0.05,50,"Willow",50,0,0,0,0,0,0,100,0,0,0,NA,21.8,8,91,145.7,156.196397941681,7.04,0,NA,3,NA,0,0,0,0,8,0,0,0,1,0,0,0,0,2,0,0,0,0.25,0,0,0,0,934.5,0,0,0,100,0,0,0,0,3738,NA,NA,NA,400,NA,NA,NA,NA,NA,NA,NA,NA,600,NA,NA,NA,NA,238,NA,NA,NA,400,NA,NA,NA,NA,8,NA,NA,NA,1,NA,NA,NA,NA,3738,NA,NA,NA,400,NA,NA,NA,NA,4,NA,NA,NA,4,NA,NA,NA,NA,NA,NA,NA,NA,600,NA,NA,NA,NA,NA,NA,NA,NA,600,NA,NA,NA,NA,10,NA,NA,NA,400,NA,NA,NA,NA,611,NA,NA,NA,400,NA,NA,NA,NA,2,1,0,0,1,0,0,0,1,0,0,0,0,0,8,0,0,0,1,8,0,0.00567050386346284,4,"4_0","0",2025-02-20,"10:00:00",2025,"Feb",20,"Summer",1740045600,"Sandy"
65,"Rotorua",11133,"65_0",-38.10975,176.2401,NA,"Sandy",2025-02-20 14:20:00,"Sunny",3.4,1,1,798.407848020856,2402.91237199327,797.286203279315,0.00627127370251049,NA,80632851.4203681,45495.9650385472,80.6328514203681,45.4959650385472,508,11,45,0.802,280,"Polymictic",4.2,"Eutrophic",22.4,NA,1,NA,0.4,0.04,100,"Willow",100,0,0,10,0,0,0,90,0,0,0,NA,23.9,9.9,117.6,169.6,173.610400245675,7.02,0,NA,20,NA,0,0,10,0,0,0,0,0,2,0,1,0,0,0,0,0,0,0.5,0,0.25,0,0,399,0,0,0,525,0,2.25,0,0,1596,NA,NA,NA,2100,NA,9,NA,NA,NA,NA,NA,NA,675,NA,81,NA,NA,201.75,NA,NA,NA,1050,NA,9,NA,NA,0,NA,NA,NA,2,NA,1,NA,NA,1596,NA,NA,NA,2100,NA,9,NA,NA,4,NA,NA,NA,4,NA,4,NA,NA,NA,NA,NA,NA,600,NA,81,NA,NA,NA,NA,NA,NA,750,NA,81,NA,NA,6,NA,NA,NA,600,NA,9,NA,NA,600,NA,NA,NA,1500,NA,9,NA,NA,2,3,0,0,1,0,1,0,1,0,0,0,0,0,0,0,0,0,0,0,1,0.00626246349205399,5,"5_0","0",2025-02-20,"14:20:00",2025,"Feb",20,"Summer",1740061200,"Sandy"
66,"Rotorua",11133,"66_0",-38.08148,176.2956,NA,"Rocky",2025-02-20 12:15:00,"Sunny",3.4,1,1,30.9029838843823,1662.55932860984,30.5623995446806,0.163599719737001,NA,80632851.4203681,45495.9650385472,80.6328514203681,45.4959650385472,508,11,45,0.802,280,"Polymictic",4.2,"Eutrophic",22.4,NA,1,NA,0.6,0.06,100,"Native forest",0,0,0,60,0,10,0,30,0,0,0,NA,24,11.05,131.9,215.2,219.816138917262,7.69,1,"Lagarosiphon",0,NA,0,0,0,0,1,0,12,0,0,0,0,3,0,0.25,0,3,0,0,0,0,0.75,0,159.25,0,52.5,0,0,0,0,0,0,637,NA,210,NA,NA,NA,NA,0,NA,NA,NA,27.1391666666667,NA,NA,NA,NA,NA,NA,159.5,NA,17.5,NA,NA,NA,NA,NA,NA,1,NA,12,NA,NA,NA,NA,3,NA,637,NA,210,NA,NA,NA,NA,0,NA,4,NA,4,NA,NA,NA,NA,4,NA,NA,NA,9.81,NA,NA,NA,NA,NA,NA,NA,NA,38.04,NA,NA,NA,NA,NA,NA,1,NA,1,NA,NA,NA,NA,NA,NA,395,NA,35,NA,NA,NA,NA,NA,NA,3,15,1,0,1,0,0,0,0,0,1,0,0,0,0,0,0,0,0,0,1,0.161796673703308,6,"6_0","0",2025-02-20,"12:15:00",2025,"Feb",20,"Summer",1740053700,"Rocky"
67,"Rotorua",11133,"67_0",-38.08288,176.2185,NA,"Sandy",2025-02-20 15:00:00,"Sunny",3.4,1,1,529.912991610287,3907.56729122595,525.663116324665,0.00951179537753958,"close to river mouth nets a little distance from the shore",80632851.4203681,45495.9650385472,80.6328514203681,45.4959650385472,508,11,45,0.802,280,"Polymictic",4.2,"Eutrophic",22.4,NA,1,NA,0.5,0.05,0,NA,0,0,0,0,0,0,0,100,0,0,0,NA,23.1,10.25,120.3,157.1,163.628788667847,7.51,0,NA,0,NA,0,0,0,0,7,0,0,1,0,0,0,0,0,1.75,0,0,0.25,0,0,0,0,0,264,0,0,0,0,0,0,0,0,1056,NA,NA,0,NA,NA,NA,NA,NA,NA,NA,NA,NA,NA,NA,NA,NA,NA,136.5,NA,NA,NA,NA,NA,NA,NA,NA,7,NA,NA,1,NA,NA,NA,NA,NA,1056,NA,NA,0,NA,NA,NA,NA,NA,4,NA,NA,4,NA,NA,NA,NA,NA,NA,NA,NA,NA,NA,NA,NA,NA,NA,NA,NA,NA,NA,NA,NA,NA,NA,NA,12,NA,NA,NA,NA,NA,NA,NA,NA,529,NA,NA,NA,NA,NA,NA,NA,NA,2,0,0,0,1,1,0,0,0,0,0,0,0,0,0,0,0,0,0,0,0,0.00943551126158677,7,"7_0","0",2025-02-20,"15:00:00",2025,"Feb",20,"Summer",1740063600,"Sandy"
68,"Rotorua",11133,"68_0",-38.12141,176.2892,NA,"Rocky",2025-02-20 13:00:00,"Sunny",3.4,1,1,542.819885740034,1760.11424159876,540.424301748185,0.00925198956417358,NA,80632851.4203681,45495.9650385472,80.6328514203681,45.4959650385472,508,11,45,0.802,280,"Polymictic",4.2,"Eutrophic",22.4,NA,1,NA,0.6,0.06,100,"els",100,0,0,0,40,0,0,60,0,0,0,NA,23.4,9.83,115.3,185.2,191.639072847682,7.49,0,NA,0,NA,0,0,0,0,1,0,5,0,0,0,0,0,0,0.25,0,1.25,0,0,0,0,0,0,1000.25,0,13.25,0,0,0,0,0,0,4001,NA,53,NA,NA,NA,NA,NA,NA,NA,NA,24.5916666666667,NA,NA,NA,NA,NA,NA,2000.5,NA,11.3333333333333,NA,NA,NA,NA,NA,NA,1,NA,5,NA,NA,NA,NA,NA,NA,4001,NA,53,NA,NA,NA,NA,NA,NA,4,NA,4,NA,NA,NA,NA,NA,NA,NA,NA,19.3,NA,NA,NA,NA,NA,NA,NA,NA,27.27,NA,NA,NA,NA,NA,NA,1,NA,3,NA,NA,NA,NA,NA,NA,4000,NA,18,NA,NA,NA,NA,NA,NA,2,5,1,0,1,0,0,0,0,0,0,0,0,0,0,0,0,0,0,0,1,0.0092111584917038,8,"8_0","0",2025-02-20,"13:00:00",2025,"Feb",20,"Summer",1740056400,"Rocky"
69,"Rotorua",11133,"69_0",-38.07818,176.3224,NA,"Sandy",2025-02-20 12:30:00,"Cloudy",3.4,1,1,612.831581113842,3408.42117385179,607.964205515417,0.00822416838794173,"Solid clay parts",80632851.4203681,45495.9650385472,80.6328514203681,45.4959650385472,508,11,45,0.802,280,"Polymictic",4.2,"Eutrophic",22.4,NA,1,NA,0.45,0.045,0,NA,0,0,0,10,0,0,0,60,0,0,30,NA,23.4,7.82,91.8,188.6,195.157284768212,7,0,NA,10,NA,0,0,0,0,4,0,1,2,0,0,0,0,1,1,0,0.25,0.5,0,0,0,0,0.25,561.25,0,11.25,0,0,0,0,0,0.5,2245,NA,45,0,NA,NA,NA,NA,2,NA,NA,38.55,NA,NA,NA,NA,NA,70,226.1,NA,45,NA,NA,NA,NA,NA,2,4,NA,1,2,NA,NA,NA,NA,1,2245,NA,45,0,NA,NA,NA,NA,2,4,NA,4,4,NA,NA,NA,NA,4,NA,NA,38.55,NA,NA,NA,NA,NA,70,NA,NA,38.55,NA,NA,NA,NA,NA,70,4,NA,45,NA,NA,NA,NA,NA,2,605,NA,45,NA,NA,NA,NA,NA,2,4,2,1,0,1,1,0,0,0,1,0,0,0,0,0,0,0,0,0,0,1,0.00815884845704644,9,"9_0","0",2025-02-20,"12:30:00",2025,"Feb",20,"Summer",1740054600,"Sandy"
70,"Rotorua",11133,"70_0",-38.03394,176.2726,NA,"Sandy",2025-02-20 10:45:00,"Sunny",3.4,1,1,832.450910949518,3362.64448530982,832.390827925049,0.00600679372268409,"Next to rocky habitat",80632851.4203681,45495.9650385472,80.6328514203681,45.4959650385472,508,11,45,0.802,280,"Polymictic",4.2,"Eutrophic",22.4,NA,1,NA,0.5,0.05,100,"Native forest",0,0,0,0,5,0,0,95,0,0,0,NA,22.4,7.25,83.5,174.8,184.89528242014,7.04,0,NA,0,NA,0,0,0,0,15,0,0,0,0,0,0,0,0,3.75,0,0,0,0,0,0,0,0,2130,0,0,0,0,0,0,0,0,8520,NA,NA,NA,NA,NA,NA,NA,NA,NA,NA,NA,NA,NA,NA,NA,NA,NA,2135,NA,NA,NA,NA,NA,NA,NA,NA,15,NA,NA,NA,NA,NA,NA,NA,NA,8520,NA,NA,NA,NA,NA,NA,NA,NA,4,NA,NA,NA,NA,NA,NA,NA,NA,NA,NA,NA,NA,NA,NA,NA,NA,NA,NA,NA,NA,NA,NA,NA,NA,NA,NA,20,NA,NA,NA,NA,NA,NA,NA,NA,4500,NA,NA,NA,NA,NA,NA,NA,NA,1,0,0,0,1,0,0,0,0,0,0,0,0,0,0,0,0,0,0,0,1,0.00600636017599747,10,"10_0","0",2025-02-20,"10:45:00",2025,"Feb",20,"Summer",1740048300,"Sandy"
71,"Rotorua",11133,"71_0",-38.03695,176.2407,NA,"Sandy",2025-02-20 09:42:00,"Sunny",3.4,1,1,700.069250211094,4451.62589357694,699.19990193821,0.00715103075120549,NA,80632851.4203681,45495.9650385472,80.6328514203681,45.4959650385472,508,11,45,0.802,280,"Polymictic",4.2,"Eutrophic",22.4,NA,1,NA,0.5,0.05,100,"Willow",100,0,0,0,0,0,0,100,0,0,0,NA,21.8,7.61,86.8,149.1,159.841337907376,7.51,0,NA,30,NA,0,0,0,0,1,0,0,0,0,0,0,0,0,0.25,0,0,0,0,0,0,0,0,579.25,0,0,0,1025,0,0,0,0,2317,NA,NA,NA,4100,NA,NA,NA,NA,NA,NA,NA,NA,700,NA,NA,NA,NA,386.166666666667,NA,NA,NA,1366.66666666667,NA,NA,NA,NA,1,NA,NA,NA,0,NA,NA,NA,NA,2317,NA,NA,NA,4100,NA,NA,NA,NA,4,NA,NA,NA,4,NA,NA,NA,NA,NA,NA,NA,NA,600,NA,NA,NA,NA,NA,NA,NA,NA,850,NA,NA,NA,NA,220,NA,NA,NA,500,NA,NA,NA,NA,535,NA,NA,NA,3000,NA,NA,NA,NA,1,0,0,0,1,0,0,0,1,0,0,0,0,0,0,0,0,0,0,0,0,0.00714215057794973,11,"11_0","0",2025-02-20,"09:42:00",2025,"Feb",20,"Summer",1740044520,"Sandy"
72,"Rotorua",11133,"72_0",-38.12632,176.2862,NA,"Sandy",2025-02-20 13:30:00,"Sunny",3.4,1,1,555.806656737179,1510.68334744727,549.720730064047,0.0090955274679517,NA,80632851.4203681,45495.9650385472,80.6328514203681,45.4959650385472,508,11,45,0.802,280,"Polymictic",4.2,"Eutrophic",22.4,NA,1,NA,0.5,0.05,10,"Willow",10,0,0,0,0,0,0,100,0,0,0,NA,23.4,10.19,119.6,176.7,182.843543046358,7.19,0,NA,4,NA,0,0,0,0,5,0,0,0,0,0,0,0,0,1.25,0,0,0,0,0,0,0,0,951.75,0,0,0,0,0,0,0,0,3807,NA,NA,NA,NA,NA,NA,NA,NA,NA,NA,NA,NA,NA,NA,NA,NA,NA,953.5,NA,NA,NA,NA,NA,NA,NA,NA,5,NA,NA,NA,NA,NA,NA,NA,NA,3807,NA,NA,NA,NA,NA,NA,NA,NA,4,NA,NA,NA,NA,NA,NA,NA,NA,NA,NA,NA,NA,NA,NA,NA,NA,NA,NA,NA,NA,NA,NA,NA,NA,NA,NA,7,NA,NA,NA,NA,NA,NA,NA,NA,2400,NA,NA,NA,NA,NA,NA,NA,NA,1,0,0,0,1,0,0,0,0,0,0,0,0,0,0,0,0,0,0,0,0,0.00899593399861765,12,"12_0","0",2025-02-20,"13:30:00",2025,"Feb",20,"Summer",1740058200,"Sandy"
73,"Rotoiti",54730,"73_0",-38.01677,176.421,NA,"Rocky",2025-01-16 13:05:00,"Cloudy",3.5,1,1,142.695643156613,187.90193049333,187.539175274033,0.106644384943977,NA,33805828.9569732,60736.7219804458,33.8058289569732,60.7367219804458,123.7,31.5,124,1.042,279,"Stratified",4.1,"Eutrophic",24.8,NA,1,NA,0.75,0.075,100,"Native forest",0,0,0,0,0,70,10,20,0,0,0,10.505,20.7,10.42,116.1,144,158.293943058151,9.01,1,"Hornwort",1,NA,0,0,0,0,27,0,24,66,0,0,0,0,0,6.75,0,6,16.5,0,0,0,0,0,420.75,0,124.5,12.25,0,0,0,0,0,1683,NA,498,49,NA,NA,NA,NA,NA,NA,NA,27.7561904761905,NA,NA,NA,NA,NA,NA,214.125,NA,16.7142857142857,24.5,NA,NA,NA,NA,NA,27,NA,24,66,NA,NA,NA,NA,NA,1683,NA,498,49,NA,NA,NA,NA,NA,4,NA,4,4,NA,NA,NA,NA,NA,NA,NA,16.4,NA,NA,NA,NA,NA,NA,NA,NA,40.02,NA,NA,NA,NA,NA,NA,10,NA,3,19,NA,NA,NA,NA,NA,555,NA,40,30,NA,NA,NA,NA,NA,3,24,1,0,1,1,0,0,0,0,0,0,0,0,0,0,0,0,0,0,1,0.0350396122081481,13,"13_0","0",2025-01-16,"13:05:00",2025,"Jan",16,"Summer",1737032700,"Rocky"
74,"Rotoiti",54730,"74_0",-38.05556,176.4599,NA,"Sandy",2025-01-16 14:09:00,"Rain",3.5,1,1,42.5585645107225,120.762133732937,120.328662180719,0.166211438218788,"1 fyke little loose",33805828.9569732,60736.7219804458,33.8058289569732,60.7367219804458,123.7,31.5,124,1.042,279,"Stratified",4.1,"Eutrophic",24.8,NA,1,NA,0.7,0.07,100,"Native forest",100,0,0,0,10,0,0,80,0,0,10,NA,21.5,9.89,112.1,146.9,158.553696708041,9.02,0,NA,0,NA,0,0,0,0,9,2,0,7,0,0,1,0,0,2.25,0.5,0,1.75,0,0,0.25,0,0,138.25,2.5,0,1.5,0,0,3,0,0,553,10,NA,6,NA,NA,12,NA,NA,NA,79,NA,NA,NA,NA,94,NA,NA,140.25,10,NA,6,NA,NA,12,NA,NA,9,2,NA,7,NA,NA,1,NA,NA,553,10,NA,6,NA,NA,12,NA,NA,4,4,NA,4,NA,NA,4,NA,NA,NA,76,NA,NA,NA,NA,94,NA,NA,NA,82,NA,NA,NA,NA,94,NA,NA,8,10,NA,6,NA,NA,12,NA,NA,477,10,NA,6,NA,NA,12,NA,NA,4,3,0,0,1,1,1,1,0,0,0,0,0,0,0,0,0,0,0,0,1,0.117485165617846,14,"14_0","0",2025-01-16,"14:09:00",2025,"Jan",16,"Summer",1737036540,"Sandy"
75,"Rotoiti",54730,"75_0",-38.03939,176.3589,NA,"Rocky",2025-01-15 11:15:00,"Sunny",3.5,0,0,46.7677196892938,127.574766026363,127.470750970965,0.156898738319629,"Badrock and to deep",33805828.9569732,60736.7219804458,33.8058289569732,60.7367219804458,123.7,31.5,124,1.042,279,"Stratified",4.1,"Eutrophic",24.8,NA,0,3.5,8,0.8,100,"Native forest",100,0,0,100,0,0,0,0,0,0,0,NA,22.3,9.74,111.6,153.4,162.620587299905,8.08,0,NA,2,NA,0,0,0,0,93,0,3,0,0,0,0,0,0,23.25,0,0.75,0,0,0,0,0,0,21.25,0,9,0,0,0,0,0,0,85,NA,36,NA,NA,NA,NA,NA,NA,NA,NA,23.2366666666667,NA,NA,NA,NA,NA,NA,42.5,NA,12,NA,NA,NA,NA,NA,NA,93,NA,3,NA,NA,NA,NA,NA,NA,85,NA,36,NA,NA,NA,NA,NA,NA,4,NA,4,NA,NA,NA,NA,NA,NA,NA,NA,21.25,NA,NA,NA,NA,NA,NA,NA,NA,24.66,NA,NA,NA,NA,NA,NA,4,NA,8,NA,NA,NA,NA,NA,NA,81,NA,17,NA,NA,NA,NA,NA,NA,2,3,1,0,1,0,0,0,0,0,0,2,0,0,0,0,0,0,1,2,1,0.106911348965013,15,"15_0","0",2025-01-15,"11:15:00",2025,"Jan",15,"Summer",1736939700,"Rocky"
76,"Rotoiti",54730,"76_0",-38.03097,176.3427,NA,"Sandy",2025-01-15 10:00:00,"Sunny",3.5,1,1,76.2907215469976,1089.87830649679,1089.20462436359,0.0183620226655627,"Kakahi a lot",33805828.9569732,60736.7219804458,33.8058289569732,60.7367219804458,123.7,31.5,124,1.042,279,"Stratified",4.1,"Eutrophic",24.8,NA,1,NA,0.6,0.06,100,"Bushes",30,0,0,0,0,0,0,90,0,0,10,NA,21.5,6.8,77.3,181.6,196.006475984889,8.24,0,NA,10,NA,0,0,0,0,267,0,8,0,0,0,0,0,2,66.75,0,2,0,0,0,0,0,0.5,173.75,0,36,0,0,0,0,0,0,695,NA,144,NA,NA,NA,NA,NA,0,NA,NA,26.7625,NA,NA,NA,NA,NA,385,139,NA,18,NA,NA,NA,NA,NA,NA,267,NA,8,NA,NA,NA,NA,NA,2,695,NA,144,NA,NA,NA,NA,NA,0,4,NA,4,NA,NA,NA,NA,NA,4,NA,NA,19.63,NA,NA,NA,NA,NA,385,NA,NA,39.44,NA,NA,NA,NA,NA,385,19,NA,5,NA,NA,NA,NA,NA,NA,386,NA,49,NA,NA,NA,NA,NA,NA,3,10,1,0,1,0,0,0,0,1,0,1,0,0,0,0,0,0,1,1,0,0.0655387693104965,16,"16_0","0",2025-01-15,"10:00:00",2025,"Jan",15,"Summer",1736935200,"Sandy"
77,"Rotoiti",54730,"77_0",-38.0251180435452,176.463774952595,NA,"Rocky",2025-01-16 13:30:00,"Rain",3.5,0,0,69.8757860966601,108.311478633236,107.901207823091,0.185354737018245,"Too deep",33805828.9569732,60736.7219804458,33.8058289569732,60.7367219804458,123.7,31.5,124,1.042,279,"Stratified",4.1,"Eutrophic",24.8,NA,1,NA,2,0.2,100,"Native forest",100,0,0,0,100,0,0,0,0,0,0,NA,20.6,9.77,108.6,143.2,157.778757161745,8.91,0,NA,0,NA,0,0,0,0,18,1,23,195,0,0,0,0,0,4.5,0.25,5.75,48.75,0,0,0,0,0,121.25,24.75,63.75,27.5,0,0,0,0,0,485,99,255,110,NA,NA,NA,NA,NA,NA,153,25.1837083333333,NA,NA,NA,NA,NA,NA,126.75,99,11.125,55,NA,NA,NA,NA,NA,18,1,23,195,NA,NA,NA,NA,NA,485,99,255,110,NA,NA,NA,NA,NA,4,4,4,4,NA,NA,NA,NA,NA,NA,153,19.15,NA,NA,NA,NA,NA,NA,NA,153,35.11,NA,NA,NA,NA,NA,NA,22,99,3,48,NA,NA,NA,NA,NA,272,99,27,62,NA,NA,NA,NA,NA,4,24,1,0,1,1,0,1,0,0,0,0,0,0,0,0,0,0,0,0,1,0.0715555456232497,17,"17_0","0",2025-01-16,"13:30:00",2025,"Jan",16,"Summer",1737034200,"Rocky"
78,"Rotoiti",54730,"78_0",-38.04199,176.3709,NA,"Sandy",2025-01-15 12:30:00,"Sunny",3.5,1,1,134.630729995109,367.646537523441,365.236397766362,0.0547590550183714,"Kakahi",33805828.9569732,60736.7219804458,33.8058289569732,60.7367219804458,123.7,31.5,124,1.042,279,"Stratified",4.1,"Eutrophic",24.8,NA,1,NA,0.6,0.06,100,"Blackberries",0,0,1,0,0,0,10,90,0,0,0,NA,23.8,10.47,124.1,158.6,162.700041034058,8.43,0,NA,0,NA,0,0,0,0,1,0,0,44,0,0,0,0,1,0.25,0,0,11,0,0,0,0,0.25,247.75,12.75,0,13.75,0,0,0,0,24.75,991,51,NA,55,NA,NA,NA,NA,99,NA,98,NA,NA,NA,NA,NA,NA,189,495.5,25.5,NA,55,NA,NA,NA,NA,99,1,0,NA,44,NA,NA,NA,NA,1,991,51,NA,55,NA,NA,NA,NA,99,4,4,NA,4,NA,NA,NA,NA,4,NA,70,NA,NA,NA,NA,NA,NA,189,NA,126,NA,NA,NA,NA,NA,NA,189,456,9,NA,55,NA,NA,NA,NA,99,535,42,NA,55,NA,NA,NA,NA,99,3,1,0,0,1,1,0,1,0,1,0,7,0,0,0,0,0,0,1,7,0,0.0371386235533421,18,"18_0","0",2025-01-15,"12:30:00",2025,"Jan",15,"Summer",1736944200,"Sandy"
79,"Rotoiti",54730,"79_0",-38.0126473390111,176.369793141525,NA,"Emergent Macrophyte",2025-01-16 12:17:00,"Little Rain",3.5,1,1,109.038802370766,1088.63526201911,1087.1160731861,0.0183972995095035,"Re located a little",33805828.9569732,60736.7219804458,33.8058289569732,60.7367219804458,123.7,31.5,124,1.042,279,"Stratified",4.1,"Eutrophic",24.8,NA,1,NA,1.55,0.155,100,"Flax",20,0,0,0,0,0,0,0,0,100,0,NA,21.6,9.13,103.7,146.2,157.441309498169,8.63,0,NA,5,NA,10,0,0,0,227,5,0,0,0,0,0,0,3,56.75,1.25,0,0,0,0,0,0,0.75,208.5,108.5,0,0,0,0,0,0,0,834,434,NA,NA,NA,NA,NA,NA,0,NA,135.2,NA,NA,NA,NA,NA,NA,357.333333333333,145,86.8,NA,NA,NA,NA,NA,NA,NA,227,5,NA,NA,NA,NA,NA,NA,3,834,434,NA,NA,NA,NA,NA,NA,0,4,4,NA,NA,NA,NA,NA,NA,4,NA,55,NA,NA,NA,NA,NA,NA,290,NA,191,NA,NA,NA,NA,NA,NA,405,18,4,NA,NA,NA,NA,NA,NA,NA,507,203,NA,NA,NA,NA,NA,NA,NA,3,8,0,0,1,0,0,1,0,1,0,0,0,0,0,1,0,0,1,1,0,0.0458552358544662,19,"19_0","0",2025-01-16,"12:17:00",2025,"Jan",16,"Summer",1737029820,"Muddy"
80,"Rotoiti",54730,"80_0",-38.0328958552285,176.352020200434,NA,"Emergent Macrophyte",2025-01-15 10:50:00,"Sunny",3,1,1,76.2622537040705,473.881552906032,471.962074330421,0.042376286332698,"Re located a little",33805828.9569732,60736.7219804458,33.8058289569732,60.7367219804458,123.7,31.5,124,1.042,279,"Stratified",4.1,"Eutrophic",24.8,NA,1,3,1,0.1,100,"Raupō",0,0,0,0,0,0,0,0,0,100,0,NA,22,8.8,100.4,154.5,164.887940234792,8.36,0,NA,0,NA,90,10,0,10,68,2,1,0,0,0,0,0,1,17,0.5,0.25,0,0,0,0,0,0.25,52.5,30.75,0.05,0,0,0,0,0,0,210,123,0.2,NA,NA,NA,NA,NA,0,NA,134.5,7.02,NA,NA,NA,NA,NA,48,69.25,61.5,0.2,NA,NA,NA,NA,NA,NA,68,2,1,NA,NA,NA,NA,NA,1,210,123,0.2,NA,NA,NA,NA,NA,0,4,4,4,NA,NA,NA,NA,NA,4,NA,114,7.02,NA,NA,NA,NA,NA,48,NA,155,7.02,NA,NA,NA,NA,NA,48,66,35,0.2,NA,NA,NA,NA,NA,NA,77,88,0.2,NA,NA,NA,NA,NA,NA,4,4,1,0,1,0,0,1,0,1,0,1,0,0,0,1,0,0,2,2,0,0.0655632341971179,20,"20_0","0",2025-01-15,"10:50:00",2025,"Jan",15,"Summer",1736938200,"Emergent Macrophyte"
81,"Rotoiti",54730,"81_0",-38.05074,176.4181,NA,"Sandy",2025-01-16 14:52:00,"Rain",3.5,1,1,31.7269199784361,201.736500112727,174.996338543086,0.11428810549128,"Kakahi",33805828.9569732,60736.7219804458,33.8058289569732,60.7367219804458,123.7,31.5,124,1.042,279,"Stratified",4.1,"Eutrophic",24.8,NA,1,NA,1,0.1,100,"Native forest",100,0,0,0,0,0,10,90,0,0,0,NA,21,9.36,105,142.7,155.786026200873,8.65,1,"Hornwort",20,NA,0,0,0,0,207,0,0,6,1,0,1,0,0,51.75,0,0,1.5,0.25,0,0.25,0,0,138.5,0,0,0,0,0,3.25,0,0,554,NA,NA,0,0,NA,13,NA,NA,NA,NA,NA,NA,700,NA,104,NA,NA,184.666666666667,NA,NA,NA,NA,NA,13,NA,NA,207,NA,NA,6,1,NA,1,NA,NA,554,NA,NA,0,0,NA,13,NA,NA,4,NA,NA,4,4,NA,4,NA,NA,NA,NA,NA,NA,700,NA,104,NA,NA,NA,NA,NA,NA,700,NA,104,NA,NA,71,NA,NA,NA,NA,NA,13,NA,NA,310,NA,NA,NA,NA,NA,13,NA,NA,4,2,0,0,1,1,1,0,1,0,0,4,0,0,0,0,0,0,1,4,0,0.157594875373921,21,"21_0","0",2025-01-16,"14:52:00",2025,"Jan",16,"Summer",1737039120,"Sandy"
82,"Rotoiti",54730,"82_0",-38.04471,176.3388,NA,"Sandy",2025-01-15 10:20:00,"Sunny",3.5,1,1,81.1704431379574,1367.54466670901,1366.67904264963,0.0146340138217275,"Kakahi",33805828.9569732,60736.7219804458,33.8058289569732,60.7367219804458,123.7,31.5,124,1.042,279,"Stratified",4.1,"Eutrophic",24.8,NA,1,NA,0.55,0.055,90,"Weeds",0,0,0,0,0,0,5,90,0,0,5,NA,21.2,10.42,117.5,152.8,166.05085850902,8.8,0,NA,10,NA,4,0,0,0,0,8,0,222,0,0,0,0,0,0,2,0,55.5,0,0,0,0,0,1237,151.25,0,55,0,0,0,0,0,4948,605,NA,220,NA,NA,NA,NA,NA,NA,129,NA,NA,NA,NA,NA,NA,NA,260.9,75.625,NA,220,NA,NA,NA,NA,NA,0,8,NA,222,NA,NA,NA,NA,NA,4948,605,NA,220,NA,NA,NA,NA,NA,4,4,NA,4,NA,NA,NA,NA,NA,NA,84,NA,NA,NA,NA,NA,NA,NA,NA,201,NA,NA,NA,NA,NA,NA,NA,30,12,NA,220,NA,NA,NA,NA,NA,590,186,NA,220,NA,NA,NA,NA,NA,2,8,0,0,1,1,0,1,0,0,0,2,0,0,0,0,0,0,1,2,0,0.0615987766815809,22,"22_0","0",2025-01-15,"10:20:00",2025,"Jan",15,"Summer",1736936400,"Sandy"
83,"Rotoiti",54730,"83_0",-38.01494,176.3882,NA,"Rocky",2025-01-16 12:40:00,"Rain",3.5,1,1,16.5017772484988,56.6721201555145,56.312002703404,0.355164068757068,"Little cliff",33805828.9569732,60736.7219804458,33.8058289569732,60.7367219804458,123.7,31.5,124,1.042,279,"Stratified",4.1,"Eutrophic",24.8,NA,1,NA,1.3,0.13,20,"Native forest",100,0,0,0,0,30,0,70,0,0,0,0,20.7,9.61,107.3,144.5,158.843574804881,8.86,0,NA,0,NA,0,0,0,0,108,1,0,7,0,0,0,0,4,27,0.25,0,1.75,0,0,0,0,1,101.75,11.25,0,0,0,0,0,0,0,407,45,NA,0,NA,NA,NA,NA,0,NA,125,NA,NA,NA,NA,NA,NA,295,203.5,45,NA,NA,NA,NA,NA,NA,NA,108,1,NA,7,NA,NA,NA,NA,4,407,45,NA,0,NA,NA,NA,NA,0,4,4,NA,4,NA,NA,NA,NA,4,NA,125,NA,NA,NA,NA,NA,NA,209,NA,125,NA,NA,NA,NA,NA,NA,337,136,45,NA,NA,NA,NA,NA,NA,NA,271,45,NA,NA,NA,NA,NA,NA,NA,4,5,0,0,1,1,0,1,0,1,0,4,0,0,1,0,0,0,2,5,1,0.302997666536485,23,"23_0","0",2025-01-16,"12:40:00",2025,"Jan",16,"Summer",1737031200,"Rocky"
84,"Rotoiti",54730,"84_0",-38.02867,176.3724,NA,"Sandy",2025-01-15 11:57:00,"Sunny",3.5,1,1,112.232822120845,260.512701999589,259.786453789301,0.0769863082092068,NA,33805828.9569732,60736.7219804458,33.8058289569732,60.7367219804458,123.7,31.5,124,1.042,279,"Stratified",4.1,"Eutrophic",24.8,NA,1,3.5,0.65,0.065,100,"Native forest",100,0,0,0,0,10,0,90,0,0,0,NA,22.6,10.64,123.3,150.4,158.38247683235,9.02,0,NA,3,NA,0,0,0,0,5,3,0,4,0,0,0,0,0,1.25,0.75,0,1,0,0,0,0,0,178.25,69.25,0,0,0,0,0,0,0,713,277,NA,0,NA,NA,NA,NA,NA,NA,145,NA,NA,NA,NA,NA,NA,NA,356.5,92.3333333333333,NA,NA,NA,NA,NA,NA,NA,5,3,NA,4,NA,NA,NA,NA,NA,713,277,NA,0,NA,NA,NA,NA,NA,4,4,NA,4,NA,NA,NA,NA,NA,NA,85,NA,NA,NA,NA,NA,NA,NA,NA,199,NA,NA,NA,NA,NA,NA,NA,154,16,NA,NA,NA,NA,NA,NA,NA,559,190,NA,NA,NA,NA,NA,NA,NA,3,3,0,0,1,1,0,1,0,0,0,1,0,0,0,1,0,0,2,2,1,0.0445502474723154,24,"24_0","0",2025-01-15,"11:57:00",2025,"Jan",15,"Summer",1736942220,"Sandy"
85,"Rotoehu",40188,"85_0",-38.01509,176.5379,NA,"Sandy",2024-12-10 10:45:00,"Sunny",3.4,1,1,110.338362712395,NA,109.762152541457,0.0455530425035306,NA,7926889.28599053,39745.7375539529,7.92688928599053,39.7457375539529,49.2,8,13.5,0.061,295,"Polymictic",4.3,"Eutrophic",16.9,NA,1,NA,0.9,0.09,100,NA,100,20,0,0,0,0,10,90,0,0,0,NA,21.2,9.2,103.8,423.8,460.552053901326,8.56,0,NA,20,NA,0,0,0,0,38,22,2,65,0,0,0,0,0,9.5,5.5,0.5,16.25,0,0,0,0,0,321.75,395.75,9.25,109.5,0,0,0,0,0,1287,1583,37,438,NA,NA,NA,NA,NA,41.5212121212121,130.181818181818,25.72,NA,NA,NA,NA,NA,NA,19.0351351351351,71.9545454545455,18.5,219,NA,NA,NA,NA,NA,38,22,2,65,NA,NA,NA,NA,NA,1287,1583,37,438,NA,NA,NA,NA,NA,4,4,4,4,NA,NA,NA,NA,NA,27,42,20.09,NA,NA,NA,NA,NA,NA,75,190,31.35,NA,NA,NA,NA,NA,NA,1.24242424242424,1,9,77,NA,NA,NA,NA,NA,520,193,28,361,NA,NA,NA,NA,NA,4,24,1,0,1,1,0,1,0,0,0,43,0,0,0,0,16,0,2,59,0,0.0453151549206224,25,"25_0","0",2024-12-10,"10:45:00",2024,"Dec",10,"Summer",1733827500,"Sandy"
86,"Rotoehu",40188,"86_0",-38.00063,176.5327,NA,"Emergent Macrophyte",2024-12-10 11:30:00,"Sunny",4,1,1,29.7909216149725,NA,29.608065140077,0.168872905958049,NA,7926889.28599053,39745.7375539529,7.92688928599053,39.7457375539529,49.2,8,13.5,0.061,295,"Polymictic",4.3,"Eutrophic",16.9,NA,1,4,0.79,0.079,10,"dead manuka",0,0,0,0,0,0,0,0,0,100,0,NA,21.9,11.12,127,427.3,457.054230398973,8.91,0,NA,5,NA,30,0,0,100,0,22,0,10,0,0,0,0,0,0,5.5,0,2.5,0,0,0,0,0,109.25,217.5,0,3.25,0,0,0,0,0,437,870,NA,13,NA,NA,NA,NA,NA,NA,89.5454545454545,NA,NA,NA,NA,NA,NA,NA,128.5,39.5454545454545,NA,13,NA,NA,NA,NA,NA,0,22,NA,10,NA,NA,NA,NA,NA,437,870,NA,13,NA,NA,NA,NA,NA,4,4,NA,4,NA,NA,NA,NA,NA,NA,44,NA,NA,NA,NA,NA,NA,NA,NA,200,NA,NA,NA,NA,NA,NA,NA,35,1,NA,13,NA,NA,NA,NA,NA,325,225,NA,13,NA,NA,NA,NA,NA,2,22,0,0,1,1,0,1,0,0,0,36,8,0,0,0,3,0,3,47,0,0.167836365206207,26,"26_0","0",2024-12-10,"11:30:00",2024,"Dec",10,"Summer",1733830200,"Emergent Macrophyte"
87,"Rotoehu",40188,"87_0",-38.00663,176.5212,NA,"Sandy",2024-12-10 13:00:00,"Sunny",3.3,1,1,78.7926128316176,NA,78.7889268053283,0.0634606943226172,NA,7926889.28599053,39745.7375539529,7.92688928599053,39.7457375539529,49.2,8,13.5,0.061,295,"Polymictic",4.3,"Eutrophic",16.9,NA,1,3.3,1.05,0.105,100,"Grass",0,0,0,0,0,0,0,80,0,20,0,NA,21.3,8.93,100.6,423.4,459.069717011818,8.49,1,"Three-leaved milfoil",3,NA,0,0,0,10,8,24,1,3,0,0,0,0,0,2,6,0.25,0.75,0,0,0,0,0,859,414.25,7.75,0,0,0,0,0,0,3436,1657,31,0,NA,NA,NA,NA,NA,NA,116.666666666667,35.42,NA,NA,NA,NA,NA,NA,490.857142857143,69.0416666666667,31,NA,NA,NA,NA,NA,NA,8,24,1,3,NA,NA,NA,NA,NA,3436,1657,31,0,NA,NA,NA,NA,NA,4,4,4,4,NA,NA,NA,NA,NA,NA,55,35.42,NA,NA,NA,NA,NA,NA,NA,206,35.42,NA,NA,NA,NA,NA,NA,325,3,31,NA,NA,NA,NA,NA,NA,604,245,31,NA,NA,NA,NA,NA,NA,4,25,1,0,1,1,0,1,0,0,0,5,1,0,0,1,12,0,4,19,0,0.063457725544464,27,"27_0","0",2024-12-10,"13:00:00",2024,"Dec",10,"Summer",1733835600,"Sandy"
88,"Rotoehu",40188,"88_0",-38.03334,176.5261,NA,"Sandy",2024-12-11 17:30:00,"Sunny",3.4,1,1,132.646044707064,NA,131.908502903605,0.0379050621448858,NA,7926889.28599053,39745.7375539529,7.92688928599053,39.7457375539529,49.2,8,13.5,0.061,295,"Polymictic",4.3,"Eutrophic",16.9,NA,0,NA,1,0.1,0,NA,0,100,0,0,0,0,0,100,0,0,0,NA,22.5,9.42,109.2,431.8,455.725593667546,8.75,0,NA,10,NA,0,0,0,10,9,15,0,22,0,0,0,0,0,2.25,3.75,0,5.5,0,0,0,0,0,189,440.5,0,0,0,0,0,0,0,756,1762,NA,0,NA,NA,NA,NA,NA,NA,162.2,NA,NA,NA,NA,NA,NA,NA,189.75,117.466666666667,NA,NA,NA,NA,NA,NA,NA,9,15,NA,22,NA,NA,NA,NA,NA,756,1762,NA,0,NA,NA,NA,NA,NA,4,4,NA,4,NA,NA,NA,NA,NA,NA,120,NA,NA,NA,NA,NA,NA,NA,NA,254,NA,NA,NA,NA,NA,NA,NA,3,52,NA,NA,NA,NA,NA,NA,NA,489,463,NA,NA,NA,NA,NA,NA,NA,3,15,0,0,1,1,0,1,0,0,0,12,0,0,0,0,0,0,1,12,0,0.0376943014851443,28,"28_0","0",2024-12-11,"17:30:00",2024,"Dec",11,"Summer",1733938200,"Sandy"
89,"Rotoehu",40188,"89_0",-37.99952,176.537,NA,"Emergent Macrophyte",2024-12-10 12:17:00,"Sunny",3.4,1,1,170.468039942681,NA,170.312698842019,0.0293577638895733,"also little sandy",7926889.28599053,39745.7375539529,7.92688928599053,39.7457375539529,49.2,8,13.5,0.061,295,"Polymictic",4.3,"Eutrophic",16.9,NA,1,NA,1.1,0.11,100,"Native forest",0,0,0,0,0,0,0,0,0,100,0,NA,22,10.92,124.9,427.3,456.029882604056,8.91,1,"Hornwort",3,NA,35,0,5,92,100,32,0,0,0,0,0,0,0,25,8,0,0,0,0,0,0,0,446.75,494.25,0,0,0,0,0,0,0,1787,1977,NA,NA,NA,NA,NA,NA,NA,NA,114.65625,NA,NA,NA,NA,NA,NA,NA,201.9,61.78125,NA,NA,NA,NA,NA,NA,NA,100,32,NA,NA,NA,NA,NA,NA,NA,1787,1977,NA,NA,NA,NA,NA,NA,NA,4,4,NA,NA,NA,NA,NA,NA,NA,NA,30,NA,NA,NA,NA,NA,NA,NA,NA,208,NA,NA,NA,NA,NA,NA,NA,41,1,NA,NA,NA,NA,NA,NA,NA,515,197,NA,NA,NA,NA,NA,NA,NA,2,32,0,0,1,0,0,1,0,0,0,3,17,0,0,0,3,0,3,23,0,0.0293310112656966,29,"29_0","0",2024-12-10,"12:17:00",2024,"Dec",10,"Summer",1733833020,"Emergent Macrophyte"
90,"Rotoehu",40188,"90_0",-37.99986,176.5215,NA,"Sandy",2024-12-10 12:45:00,"Sunny",3.4,1,1,85.1881757402259,NA,84.527911993492,0.05915205855771,NA,7926889.28599053,39745.7375539529,7.92688928599053,39.7457375539529,49.2,8,13.5,0.061,295,"Polymictic",4.3,"Eutrophic",16.9,NA,1,NA,1,0.1,100,"Native forest",0,0,0,0,0,0,0,0,0,100,0,NA,21.6,11.06,125.9,426.2,458.970493215593,8.9,0,NA,10,NA,0,0,20,75,0,81,0,0,0,0,0,0,0,0,20.25,0,0,0,0,0,0,0,286,1659.25,0,0,0,0,0,0,0,1144,6637,NA,NA,NA,NA,NA,NA,NA,NA,169.046511627907,NA,NA,NA,NA,NA,NA,NA,294.25,150.840909090909,NA,NA,NA,NA,NA,NA,NA,0,81,NA,NA,NA,NA,NA,NA,NA,1144,6637,NA,NA,NA,NA,NA,NA,NA,4,4,NA,NA,NA,NA,NA,NA,NA,NA,129,NA,NA,NA,NA,NA,NA,NA,NA,210,NA,NA,NA,NA,NA,NA,NA,33,49,NA,NA,NA,NA,NA,NA,NA,590,822,NA,NA,NA,NA,NA,NA,NA,1,81,0,0,1,0,0,1,0,0,0,1,14,0,0,0,2,0,3,17,0,0.0586935916464167,30,"30_0","0",2024-12-10,"12:45:00",2024,"Dec",10,"Summer",1733834700,"Muddy"
91,"Rotoehu",40188,"91_0",-38.0143,176.5179,NA,"Sandy",2024-12-11 15:55:00,"Cloudy",3.4,1,1,60.8609339586129,NA,60.7338903342372,0.0823263580265231,NA,7926889.28599053,39745.7375539529,7.92688928599053,39.7457375539529,49.2,8,13.5,0.061,295,"Polymictic",4.3,"Eutrophic",16.9,NA,1,NA,1.02,0.102,0,NA,0,100,0,0,0,20,70,10,0,0,0,NA,22.6,11.08,128.3,441.3,464.72198820556,8.95,0,NA,20,NA,0,0,0,10,0,2,0,100,0,0,0,0,0,0,0.5,0,25,0,0,0,0,0,348.25,2.75,0,80.5,0,0,0,0,0,1393,11,NA,322,NA,NA,NA,NA,NA,NA,66.5,NA,NA,NA,NA,NA,NA,NA,257.5,5.5,NA,161,NA,NA,NA,NA,NA,0,2,NA,100,NA,NA,NA,NA,NA,1393,11,NA,322,NA,NA,NA,NA,NA,4,4,NA,4,NA,NA,NA,NA,NA,NA,65,NA,NA,NA,NA,NA,NA,NA,NA,68,NA,NA,NA,NA,NA,NA,NA,76,4,NA,115,NA,NA,NA,NA,NA,549,7,NA,207,NA,NA,NA,NA,NA,2,2,0,0,1,1,0,1,0,0,0,1,0,0,0,0,0,0,1,1,1,0.0821545065903875,31,"31_0","0",2024-12-11,"15:55:00",2024,"Dec",11,"Summer",1733932500,"Sandy"
92,"Rotoehu",40188,"92_0",-38.03574,176.5167,NA,"Emergent Macrophyte",2024-12-11 17:00:00,"Sunny",3.4,1,1,242.351268085741,NA,241.86196155345,0.0206729490155691,NA,7926889.28599053,39745.7375539529,7.92688928599053,39.7457375539529,49.2,8,13.5,0.061,295,"Polymictic",4.3,"Eutrophic",16.9,NA,1,NA,1.3,0.13,100,"Native forest",100,0,0,0,0,0,0,5,0,95,0,NA,22.8,11.79,137.6,434.4,455.441392325435,9.21,1,"Hornwort",10,NA,5,0,0,100,33,26,7,0,0,0,0,0,0,8.25,6.5,1.75,0,0,0,0,0,0,133.5,330.5,69,0,0,0,0,0,0,534,1322,276,NA,NA,NA,NA,NA,NA,NA,108.807692307692,36.4228571428571,NA,NA,NA,NA,NA,NA,139.5,50.8461538461538,39.4285714285714,NA,NA,NA,NA,NA,NA,33,26,7,NA,NA,NA,NA,NA,NA,534,1322,276,NA,NA,NA,NA,NA,NA,4,4,4,NA,NA,NA,NA,NA,NA,NA,42,22.09,NA,NA,NA,NA,NA,NA,NA,185,42.99,NA,NA,NA,NA,NA,NA,24,1,26,NA,NA,NA,NA,NA,NA,392,159,57,NA,NA,NA,NA,NA,NA,3,33,1,0,1,0,0,1,0,0,0,1,1,0,0,1,0,0,3,3,0,0.0206312103893389,32,"32_0","0",2024-12-11,"17:00:00",2024,"Dec",11,"Summer",1733936400,"Muddy"
93,"Rotoehu",40188,"93_0",-38.00562,176.5442,NA,"Emergent Macrophyte",2024-12-10 11:20:00,"Sunny",3.4,1,1,159.634246481691,NA,157.403293407812,0.031765536106323,NA,7926889.28599053,39745.7375539529,7.92688928599053,39.7457375539529,49.2,8,13.5,0.061,295,"Polymictic",4.3,"Eutrophic",16.9,NA,1,NA,1,0.1,100,"Manuka",0,0,0,0,0,0,0,0,0,100,0,NA,21.6,10.61,120.4,424.8,457.462847297006,9.02,1,"Lagarosiphon (Oxygen Weed)",25,NA,35,0,0,100,30,100,0,0,0,0,0,0,0,7.5,25,0,0,0,0,0,0,0,36,1391.25,0,0,0,0,0,0,0,144,5565,NA,NA,NA,NA,NA,NA,NA,NA,147.527777777778,NA,NA,NA,NA,NA,NA,NA,45.25,150.405405405405,NA,NA,NA,NA,NA,NA,NA,30,100,NA,NA,NA,NA,NA,NA,NA,144,5565,NA,NA,NA,NA,NA,NA,NA,4,4,NA,NA,NA,NA,NA,NA,NA,NA,57,NA,NA,NA,NA,NA,NA,NA,NA,222,NA,NA,NA,NA,NA,NA,NA,9,2,NA,NA,NA,NA,NA,NA,NA,98,1912,NA,NA,NA,NA,NA,NA,NA,2,100,0,0,1,0,0,1,0,0,0,2,45,0,0,1,1,0,4,49,0,0.0313215999085351,33,"33_0","0",2024-12-10,"11:20:00",2024,"Dec",10,"Summer",1733829600,"Emergent Macrophyte"
94,"Rotoehu",40188,"94_0",-38.01219,176.5122,NA,"Sandy",2024-12-11 15:38:00,"Cloudy",3.4,1,1,74.2198863511671,NA,73.8193002366027,0.0677329639264284,NA,7926889.28599053,39745.7375539529,7.92688928599053,39.7457375539529,49.2,8,13.5,0.061,295,"Polymictic",4.3,"Eutrophic",16.9,NA,1,NA,1.46,0.146,100,"Native forest",30,0,0,0,0,0,0,10,0,90,0,NA,22.7,11.73,135.6,434.3,456.341284018073,9.12,0,NA,30,NA,0,0,0,95,0,15,0,0,0,0,0,0,0,0,3.75,0,0,0,0,0,0,0,24.25,258.75,0,0,0,0,0,0,0,97,1035,NA,NA,NA,NA,NA,NA,NA,NA,132,NA,NA,NA,NA,NA,NA,NA,48.5,69,NA,NA,NA,NA,NA,NA,NA,0,15,NA,NA,NA,NA,NA,NA,NA,97,1035,NA,NA,NA,NA,NA,NA,NA,4,4,NA,NA,NA,NA,NA,NA,NA,NA,55,NA,NA,NA,NA,NA,NA,NA,NA,205,NA,NA,NA,NA,NA,NA,NA,27,4,NA,NA,NA,NA,NA,NA,NA,70,228,NA,NA,NA,NA,NA,NA,NA,1,15,0,0,1,0,0,1,0,0,0,2,0,0,0,0,0,0,1,2,0,0.0673673896015252,34,"34_0","0",2024-12-11,"15:38:00",2024,"Dec",11,"Summer",1733931480,"Muddy"
95,"Rotoehu",40188,"95_0",-38.02335,176.5232,NA,"Rocky",2024-12-11 16:14:00,"Sunny",3.4,1,1,18.364874676005,NA,18.364874676005,0.272258868530851,NA,7926889.28599053,39745.7375539529,7.92688928599053,39.7457375539529,49.2,8,13.5,0.061,295,"Polymictic",4.3,"Eutrophic",16.9,NA,0,NA,2,0.2,100,"Native forest",100,100,0,0,40,0,30,30,0,0,0,NA,23,9.64,111.9,443,462.421711899791,8.69,0,NA,40,NA,0,0,0,0,0,3,3,5,0,0,0,0,0,0,0.75,0.75,1.25,0,0,0,0,0,156.75,4.25,19.5,0,0,0,0,0,0,627,17,78,0,NA,NA,NA,NA,NA,NA,57.6666666666667,33.75,NA,NA,NA,NA,NA,NA,168,5.66666666666667,31.75,NA,NA,NA,NA,NA,NA,0,3,3,5,NA,NA,NA,NA,NA,627,17,78,0,NA,NA,NA,NA,NA,4,4,4,4,NA,NA,NA,NA,NA,NA,45,19,NA,NA,NA,NA,NA,NA,NA,64,42,NA,NA,NA,NA,NA,NA,45,1,9,NA,NA,NA,NA,NA,NA,333,8,49,NA,NA,NA,NA,NA,NA,3,6,1,0,1,1,0,1,0,0,0,0,0,0,0,0,0,4,1,4,1,0.272258868530851,35,"35_0","0",2024-12-11,"16:14:00",2024,"Dec",11,"Summer",1733933640,"Rocky"
96,"Rotoehu",40188,"96_0",-38.0279864650977,176.516643669093,NA,"Sandy",2024-12-11 16:44:00,"Sunny",2.9,1,1,80.1449007371997,NA,75.4629505257541,0.0662576796317233,"relocated son now on beach but in between cliffs with many rocks",7926889.28599053,39745.7375539529,7.92688928599053,39.7457375539529,49.2,8,13.5,0.061,295,"Polymictic",4.3,"Eutrophic",16.9,NA,1,2.9,1.05,0.105,0,"Native forest",100,0,0,0,0,0,0,100,0,0,0,NA,22.1,8.85,101.7,434.7,462.890001064849,8.46,0,NA,3,NA,0,0,0,0,0,33,24,0,0,0,0,0,0,0,11,8,0,0,0,0,0,0,1619.33333333333,1213,262.333333333333,0,0,0,0,0,0,4858,3639,787,NA,NA,NA,NA,NA,NA,NA,152.090909090909,34.3186956521739,NA,NA,NA,NA,NA,NA,273.95,110.272727272727,28.3863636363636,NA,NA,NA,NA,NA,NA,0,33,24,NA,NA,NA,NA,NA,NA,4858,3639,787,NA,NA,NA,NA,NA,NA,3,3,3,NA,NA,NA,NA,NA,NA,NA,55,25,NA,NA,NA,NA,NA,NA,NA,208,53,NA,NA,NA,NA,NA,NA,69,3,17,NA,NA,NA,NA,NA,NA,602,232,52,NA,NA,NA,NA,NA,NA,2,57,1,0,1,0,0,1,0,0,0,0,0,0,0,0,0,0,0,0,0,0.0623870009695978,36,"36_0","0",2024-12-11,"16:44:00",2024,"Dec",11,"Summer",1733935440,"Sandy"
97,"Rotomā",40102,"97_0",-38.03192,176.5593,NA,"Sandy",2024-11-06 11:15:00,"Cloudy",7.6,1,1,53.217273746614,127.058733966396,126.009846508404,0.158717755430851,NA,11137002.6670586,23686.3956326948,11.1370026670586,23.6863956326948,27.8,36.9,83,0.456,316,"Stratified",2.4,"Oligotrophic",51.6,NA,1,NA,1.6,0.16,100,NA,100,0,0,0,0,0,10,80,0,10,0,NA,16.5,9.97,102,132.8,161.655508216677,8,1,NA,30,NA,0,0,0,80,1,1,16,0,0,0,0,0,0,0.25,0.25,4,0,0,0,0,0,0,0,0,0,0,0,0,0,0,0,0,0,0,NA,NA,NA,NA,NA,NA,43,161,26.8333333333333,NA,NA,NA,NA,NA,NA,NA,NA,NA,NA,NA,NA,NA,NA,NA,1,1,16,NA,NA,NA,NA,NA,NA,0,0,0,NA,NA,NA,NA,NA,NA,4,4,4,NA,NA,NA,NA,NA,NA,43,161,19,NA,NA,NA,NA,NA,NA,43,161,40,NA,NA,NA,NA,NA,NA,NA,NA,NA,NA,NA,NA,NA,NA,NA,NA,NA,NA,NA,NA,NA,NA,NA,NA,3,17,1,0,1,0,0,1,0,0,0,0,0,0,0,0,0,0,0,0,0,0.0939544559123179,37,"37_0","0",2024-11-06,"11:15:00",2024,"Nov",6,"Spring",1730891700,"Sandy"
98,"Rotomā",40102,"98_0",-38.03942,176.5778,NA,"Rocky",2024-11-06 12:15:00,"Cloudy",7.6,1,1,22.1358859314332,49.7590474375897,48.7136423915966,0.410562606655956,NA,11137002.6670586,23686.3956326948,11.1370026670586,23.6863956326948,27.8,36.9,83,0.456,316,"Stratified",2.4,"Oligotrophic",51.6,NA,1,NA,2.8,0.28,100,NA,80,0,0,0,50,0,0,50,0,0,0,NA,16.8,9.81,101.1,134.5,162.478859627929,7.95,1,NA,10,NA,0,0,5,0,27,0,40,0,1,0,0,0,0,6.75,0,10,0,0.25,0,0,0,0,0,0,0,0,0,0,0,0,0,0,NA,0,NA,0,NA,NA,NA,NA,NA,NA,22.1437468030691,NA,850,NA,NA,NA,NA,NA,NA,NA,NA,NA,NA,NA,NA,NA,27,NA,40,NA,1,NA,NA,NA,NA,0,NA,0,NA,0,NA,NA,NA,NA,4,NA,4,NA,4,NA,NA,NA,NA,NA,NA,8.72,NA,850,NA,NA,NA,NA,NA,NA,48.77,NA,850,NA,NA,NA,NA,NA,NA,NA,NA,NA,NA,NA,NA,NA,NA,NA,NA,NA,NA,NA,NA,NA,NA,3,41,1,0,1,0,0,0,1,0,0,0,0,0,0,0,0,0,0,0,1,0.225877564398719,38,"38_0","0",2024-11-06,"12:15:00",2024,"Nov",6,"Spring",1730895300,"Rocky"
99,"Rotomā",40102,"99_0",-38.04339,176.5976,NA,"Sandy",2024-11-06 09:10:00,"Cloudy",7.6,1,1,78.1391192226858,146.840657949694,146.786508891309,0.136252303778199,"Dead standing trees on beach",11137002.6670586,23686.3956326948,11.1370026670586,23.6863956326948,27.8,36.9,83,0.456,316,"Stratified",2.4,"Oligotrophic",51.6,NA,1,7.6,0.65,0.065,30,NA,100,0,0,0,0,0,0,100,0,0,0,NA,16.3,9.71,99.1,132.5,162.119172886333,8.56,0,NA,5,NA,0,0,0,0,142,0,3,100,0,0,0,0,0,35.5,0,0.75,25,0,0,0,0,0,1266.75,0,24.5,23,0,0,0,0,0,5067,NA,98,92,NA,NA,NA,NA,NA,53.3761904761905,NA,28.0633333333333,NA,NA,NA,NA,NA,NA,109.660455486542,NA,32.6666666666667,92,NA,NA,NA,NA,NA,142,NA,3,100,NA,NA,NA,NA,NA,5067,NA,98,92,NA,NA,NA,NA,NA,4,NA,4,4,NA,NA,NA,NA,NA,26,NA,17.57,NA,NA,NA,NA,NA,NA,84,NA,48.33,NA,NA,NA,NA,NA,NA,1.19047619047619,NA,4,92,NA,NA,NA,NA,NA,545,NA,87,92,NA,NA,NA,NA,NA,3,3,1,0,1,1,0,0,0,0,0,3,0,0,0,0,0,0,1,3,0,0.06398843562276,39,"39_0","0",2024-11-06,"09:10:00",2024,"Nov",6,"Spring",1730884200,"Sandy"
100,"Rotomā",40102,"100_0",-38.04971,176.5653,NA,"Emergent Macrophyte",2024-11-07 14:30:00,"Cloudy",7.6,0,0,630.728148242838,763.805567377251,763.788283079701,0.0261852668377645,"To deep for sediment or Macro",11137002.6670586,23686.3956326948,11.1370026670586,23.6863956326948,27.8,36.9,83,0.456,316,"Stratified",2.4,"Oligotrophic",51.6,NA,1,NA,2,0.2,100,NA,100,0,0,0,0,0,0,0,0,100,0,NA,17.7,8.66,91.3,142.3,168.064249438998,7.4,1,NA,10,NA,80,0,0,20,76,1,0,0,0,0,0,0,0,19,0.25,0,0,0,0,0,0,0,40.75,23.5,0,0,0,0,0,0,0,163,94,NA,NA,NA,NA,NA,NA,NA,50.9045454545455,160,NA,NA,NA,NA,NA,NA,NA,4.18333333333333,94,NA,NA,NA,NA,NA,NA,NA,76,1,NA,NA,NA,NA,NA,NA,NA,163,94,NA,NA,NA,NA,NA,NA,NA,4,4,NA,NA,NA,NA,NA,NA,NA,26,160,NA,NA,NA,NA,NA,NA,NA,70,160,NA,NA,NA,NA,NA,NA,NA,2.11363636363636,94,NA,NA,NA,NA,NA,NA,NA,46.5,94,NA,NA,NA,NA,NA,NA,NA,2,1,0,0,1,0,0,1,0,0,0,3,0,0,0,0,0,0,1,3,0,0.00792734558292607,40,"40_0","0",2024-11-07,"14:30:00",2024,"Nov",7,"Spring",1730989800,"Emergent Macrophyte"
101,"Rotomā",40102,"101_0",-38.02888,176.5752,NA,"Emergent Macrophyte",2024-11-06 10:45:00,"Cloudy",7.6,1,1,164.797658924659,199.568759298833,197.479843716441,0.101276158739105,"Dead Emergent Macrophyte in deeper part",11137002.6670586,23686.3956326948,11.1370026670586,23.6863956326948,27.8,36.9,83,0.456,316,"Stratified",2.4,"Oligotrophic",51.6,NA,1,7.6,0.6,0.06,80,NA,30,0,0,0,0,0,0,20,0,80,0,NA,16.9,9.4,97.1,135.8,163.634172791903,7.75,1,NA,20,NA,40,0,0,10,58,14,1,0,0,0,0,0,0,19.3333333333333,4.66666666666667,0.333333333333333,0,0,0,0,0,0,0,0,0,0,0,0,0,0,0,0,0,0,NA,NA,NA,NA,NA,NA,33.1666666666667,57.6428571428571,22,NA,NA,NA,NA,NA,NA,NA,NA,NA,NA,NA,NA,NA,NA,NA,58,14,1,NA,NA,NA,NA,NA,NA,0,0,0,NA,NA,NA,NA,NA,NA,3,3,3,NA,NA,NA,NA,NA,NA,20,42,22,NA,NA,NA,NA,NA,NA,50,130,22,NA,NA,NA,NA,NA,NA,NA,NA,NA,NA,NA,NA,NA,NA,NA,NA,NA,NA,NA,NA,NA,NA,NA,NA,3,15,1,0,1,0,0,1,0,0,0,0,3,0,0,0,0,0,1,3,0,0.030340236825123,41,"41_0","0",2024-11-06,"10:45:00",2024,"Nov",6,"Spring",1730889900,"Emergent Macrophyte"
102,"Rotomā",40102,"102_0",-38.0198,176.5889,NA,"Rocky",2024-11-06 10:20:00,"Cloudy",7.6,0,0,32.3492755383488,74.865573586595,74.7216775696941,0.267659943546445,"To deep for sediment or Macro big boulders in the site",11137002.6670586,23686.3956326948,11.1370026670586,23.6863956326948,27.8,36.9,83,0.456,316,"Stratified",2.4,"Oligotrophic",51.6,NA,1,NA,2.9,0.29,100,NA,100,0,0,0,80,0,0,20,0,0,0,NA,16.6,9.59,98.4,133,161.486158329286,7.82,0,NA,10,NA,0,0,0,10,27,0,8,0,0,0,0,0,0,6.75,0,2,0,0,0,0,0,0,7.75,0,31.5,0,0,0,0,0,0,31,NA,126,NA,NA,NA,NA,NA,NA,NA,NA,24.1333333333333,NA,NA,NA,NA,NA,NA,31,NA,25.2,NA,NA,NA,NA,NA,NA,27,NA,8,NA,NA,NA,NA,NA,NA,31,NA,126,NA,NA,NA,NA,NA,NA,4,NA,4,NA,NA,NA,NA,NA,NA,NA,NA,15,NA,NA,NA,NA,NA,NA,NA,NA,45,NA,NA,NA,NA,NA,NA,31,NA,6,NA,NA,NA,NA,NA,NA,31,NA,56,NA,NA,NA,NA,NA,NA,2,8,1,0,1,0,0,0,0,0,0,1,0,0,0,0,0,0,1,1,1,0.154562966767917,42,"42_0","0",2024-11-06,"10:20:00",2024,"Nov",6,"Spring",1730888400,"Rocky"
103,"Rotomā",40102,"103_0",-38.06665,176.5956,NA,"Sandy",2024-11-07 15:30:00,"Cloudy+ little windy",7.6,1,1,55.8131770791461,110.464166232739,109.241631729059,0.183080385045913,"Close to road construction rocks",11137002.6670586,23686.3956326948,11.1370026670586,23.6863956326948,27.8,36.9,83,0.456,316,"Stratified",2.4,"Oligotrophic",51.6,NA,1,NA,1.7,0.17,0,NA,0,0,0,0,5,0,45,50,0,0,0,NA,17,9.91,102.5,130.4,156.730769230769,7.61,0,NA,3,NA,0,0,0,0,30,0,2,41,1,0,0,0,0,7.5,0,0.5,10.25,0.25,0,0,0,0,186.25,0,2.25,0,0,0,0,0,0,745,NA,9,0,0,NA,NA,NA,NA,54.3174603174603,NA,34.825,NA,800,NA,NA,NA,NA,16.8381642512077,NA,9,NA,NA,NA,NA,NA,NA,30,NA,2,41,1,NA,NA,NA,NA,745,NA,9,0,0,NA,NA,NA,NA,4,NA,4,4,4,NA,NA,NA,NA,26,NA,23.49,NA,800,NA,NA,NA,NA,85,NA,46.16,NA,800,NA,NA,NA,NA,2.11111111111111,NA,9,NA,NA,NA,NA,NA,NA,418,NA,9,NA,NA,NA,NA,NA,NA,4,3,1,0,1,1,0,0,1,0,0,8,0,0,0,0,0,0,1,8,1,0.0895845795144349,43,"43_0","0",2024-11-07,"15:30:00",2024,"Nov",7,"Spring",1730993400,"Sandy"
104,"Rotomā",40102,"104_0",-38.04867,176.5634,NA,"Emergent Macrophyte",2024-11-07 14:00:00,"Cloudy",7.6,1,1,814.296643729011,939.055885989356,938.877215347447,0.0213020400038131,NA,11137002.6670586,23686.3956326948,11.1370026670586,23.6863956326948,27.8,36.9,83,0.456,316,"Stratified",2.4,"Oligotrophic",51.6,NA,1,NA,3,0.3,100,NA,20,0,0,0,0,0,0,0,0,100,0,NA,18.1,9.61,101.8,138.3,161.735469535727,8.21,1,NA,10,NA,5,0,0,85,20,8,0,18,3,0,0,0,0,5,2,0,4.5,0.75,0,0,0,0,100.5,80,0,0,0,0,0,0,0,402,320,NA,0,0,NA,NA,NA,NA,45,96.75,NA,NA,1000,NA,NA,NA,NA,94.2,45.7142857142857,NA,NA,NA,NA,NA,NA,NA,20,8,NA,18,3,NA,NA,NA,NA,402,320,NA,0,0,NA,NA,NA,NA,4,4,NA,4,4,NA,NA,NA,NA,30,52,NA,NA,800,NA,NA,NA,NA,60,172,NA,NA,1200,NA,NA,NA,NA,1.4,3,NA,NA,NA,NA,NA,NA,NA,321,121,NA,NA,NA,NA,NA,NA,NA,4,11,0,0,1,1,0,1,1,0,0,2,1,0,0,0,0,0,2,3,0,0.00614026846175231,44,"44_0","0",2024-11-07,"14:00:00",2024,"Nov",7,"Spring",1730988000,"Muddy"
105,"Rotomā",40102,"105_0",-38.03613,176.5682,NA,"Rocky",2024-11-06 11:50:00,"Sunny",7.6,1,1,124.153795032488,216.999278829447,214.645988148536,0.0931766774329829,NA,11137002.6670586,23686.3956326948,11.1370026670586,23.6863956326948,27.8,36.9,83,0.456,316,"Stratified",2.4,"Oligotrophic",51.6,NA,1,NA,2,0.2,100,NA,100,0,0,0,60,0,0,40,0,0,0,NA,16.6,9.9,101.5,133.3,161.850412821758,8.02,0,NA,20,NA,0,0,0,0,45,2,6,1,0,0,0,0,0,11.25,0.5,1.5,0.25,0,0,0,0,0,0,0,0,0,0,0,0,0,0,0,0,0,0,NA,NA,NA,NA,NA,NA,53.5,28.375,NA,NA,NA,NA,NA,NA,NA,NA,NA,NA,NA,NA,NA,NA,NA,45,2,6,1,NA,NA,NA,NA,NA,0,0,0,0,NA,NA,NA,NA,NA,4,4,4,4,NA,NA,NA,NA,NA,NA,46,19,NA,NA,NA,NA,NA,NA,NA,61,35,NA,NA,NA,NA,NA,NA,NA,NA,NA,NA,NA,NA,NA,NA,NA,NA,NA,NA,NA,NA,NA,NA,NA,NA,4,8,1,0,1,1,0,1,0,0,0,1,0,0,0,0,0,0,1,1,1,0.0402726312046412,45,"45_0","0",2024-11-06,"11:50:00",2024,"Nov",6,"Spring",1730893800,"Rocky"
106,"Rotomā",40102,"106_0",-38.02546,176.5948,NA,"Sandy",2024-11-06 09:50:00,"Cloudy",7.6,1,1,98.4741658059494,182.056518707555,180.647588784886,0.11071279796497,"Weed in deeper part",11137002.6670586,23686.3956326948,11.1370026670586,23.6863956326948,27.8,36.9,83,0.456,316,"Stratified",2.4,"Oligotrophic",51.6,NA,1,NA,1,0.1,50,NA,0,0,0,0,0,0,5,95,0,0,0,NA,16.8,10.06,103.6,131.3,158.613191592172,7.98,1,NA,2,NA,0,0,0,10,39,0,15,3,0,0,0,0,0,9.75,0,3.75,0.75,0,0,0,0,0,271,0,19.75,0,0,0,0,0,0,1084,NA,79,0,NA,NA,NA,NA,NA,51.3225806451613,NA,23.565,NA,NA,NA,NA,NA,NA,180.666666666667,NA,17.75,NA,NA,NA,NA,NA,NA,39,NA,15,3,NA,NA,NA,NA,NA,1084,NA,79,0,NA,NA,NA,NA,NA,4,NA,4,4,NA,NA,NA,NA,NA,27,NA,15,NA,NA,NA,NA,NA,NA,90,NA,34.25,NA,NA,NA,NA,NA,NA,110,NA,2,NA,NA,NA,NA,NA,NA,231,NA,33,NA,NA,NA,NA,NA,NA,3,15,1,0,1,1,0,0,0,0,0,28,0,0,0,0,0,0,1,28,0,0.0507747383192143,46,"46_0","0",2024-11-06,"09:50:00",2024,"Nov",6,"Spring",1730886600,"Sandy"
107,"Rotomā",40102,"107_0",-38.06453,176.6017,NA,"Sandy",2024-11-07 15:47:00,"Cloudy+ little windy",7.6,1,1,55.5296595183968,214.987852345571,186.207468325378,0.107407077599337,"Close to the boat ramp and jetty",11137002.6670586,23686.3956326948,11.1370026670586,23.6863956326948,27.8,36.9,83,0.456,316,"Stratified",2.4,"Oligotrophic",51.6,NA,1,NA,0.8,0.08,0,NA,0,0,0,0,0,0,50,50,0,0,0,NA,18,9.66,101.8,137.7,161.430246189918,7.89,0,NA,0,NA,0,0,0,0,31,0,1,0,0,0,0,0,0,7.75,0,0.25,0,0,0,0,0,0,110.75,0,0,0,0,0,0,0,0,443,NA,0,NA,NA,NA,NA,NA,NA,49.7166666666667,NA,33.64,NA,NA,NA,NA,NA,NA,443,NA,NA,NA,NA,NA,NA,NA,NA,31,NA,1,NA,NA,NA,NA,NA,NA,443,NA,0,NA,NA,NA,NA,NA,NA,4,NA,4,NA,NA,NA,NA,NA,NA,26,NA,33.64,NA,NA,NA,NA,NA,NA,75,NA,33.64,NA,NA,NA,NA,NA,NA,443,NA,NA,NA,NA,NA,NA,NA,NA,443,NA,NA,NA,NA,NA,NA,NA,NA,2,1,1,0,1,0,0,0,0,0,0,2,0,0,0,0,0,0,1,2,0,0.0900419711441507,47,"47_0","0",2024-11-07,"15:47:00",2024,"Nov",7,"Spring",1730994420,"Sandy"
108,"Rotomā",40102,"108_0",-38.052,176.5715,NA,"Sandy",2024-11-07 15:00:00,"Cloudy",7.6,1,1,149.961670104467,257.676952424475,255.165057668663,0.0783806379397386,"Concreete wall and close to the boat ramp",11137002.6670586,23686.3956326948,11.1370026670586,23.6863956326948,27.8,36.9,83,0.456,316,"Stratified",2.4,"Oligotrophic",51.6,NA,1,NA,1.5,0.15,0,NA,0,0,0,0,0,0,0,100,0,0,0,NA,16.9,10.31,106.5,145.2,174.96083865526,6.44,0,NA,0,NA,5,0,0,40,40,4,2,0,0,0,0,0,0,10,1,0.5,0,0,0,0,0,0,113.3,2,5.75,0,0,0,0,0,0,453.2,8,23,NA,NA,NA,NA,NA,NA,53.994623655914,50.75,25.35,NA,NA,NA,NA,NA,NA,7.71515151515152,2,11.5,NA,NA,NA,NA,NA,NA,40,4,2,NA,NA,NA,NA,NA,NA,453.2,8,23,NA,NA,NA,NA,NA,NA,4,4,4,NA,NA,NA,NA,NA,NA,26,39,22.85,NA,NA,NA,NA,NA,NA,74,65,27.85,NA,NA,NA,NA,NA,NA,2.2,1,9,NA,NA,NA,NA,NA,NA,196,5,14,NA,NA,NA,NA,NA,NA,3,6,1,0,1,0,0,1,0,0,0,18,0,0,0,0,0,0,1,18,0,0.0333418532650168,48,"48_0","0",2024-11-07,"15:00:00",2024,"Nov",7,"Spring",1730991600,"Sandy"
109,"Ōkāreka",15325,"109_0",-38.17284,176.3731,NA,"Rocky",2024-10-31 12:10:00,"Cloudy + windy",6.66666666666667,0,1,34.153824840345,92.3444979116756,91.4282251493164,0.218750828503309,NA,3434118.08964225,11094.5247032865,3.43411808964225,11.0945247032865,19.6,20,33.5,0.064,355,"Stratified",3.1,"Mesotrophic",65.2,NA,1,NA,1.5,0.15,100,NA,100,0,0,0,30,0,0,70,0,0,0,NA,16.3,9.21,93.8,61.9,75.737183408785,8.28,0,NA,40,NA,0,0,0,0,16,0,8,0,0,3,0,0,0,4,0,2,0,0,0.75,0,0,0,0,0,22.25,0,0,9,0,0,0,0,NA,89,NA,NA,36,NA,NA,NA,NA,NA,21.4166666666667,NA,NA,88.3333333333333,NA,NA,NA,NA,NA,10.0833333333333,NA,NA,12,NA,NA,NA,16,NA,8,NA,NA,3,NA,NA,NA,0,NA,89,NA,NA,36,NA,NA,NA,4,NA,4,NA,NA,4,NA,NA,NA,NA,NA,19,NA,NA,70,NA,NA,NA,NA,NA,27,NA,NA,120,NA,NA,NA,NA,NA,7,NA,NA,4,NA,NA,NA,NA,NA,20,NA,NA,24,NA,NA,NA,3,11,1,1,1,0,0,0,0,0,0,0,0,0,0,0,0,0,0,0,1,0.146396487754239,49,"49_0","0",2024-10-31,"12:10:00",2024,"Oct",31,"Spring",1730376600,"Rocky"
109,"Ōkāreka",15325,"109_1",-38.17284,176.3731,NA,"Rocky",2025-01-22 09:30:00,"Sunny + Little wind",9.2,0,0,34.153824840345,92.3444979116756,91.4282251493164,0.218750828503309,NA,3434118.08964225,11094.5247032865,3.43411808964225,11.0945247032865,19.6,20,33.5,0.064,355,"Stratified",3.1,"Mesotrophic",65.2,NA,1,NA,1.45,0.145,100,"Native forest",100,0,0,0,30,0,0,70,0,0,0,NA,20.6,8.85,98.7,69.8,76.9061260467166,8.53,0,NA,40,NA,0,0,0,0,244,0,34,13,0,0,0,0,0,61,0,8.5,3.25,0,0,0,0,0,29.75,0,123.25,1.25,0,0,0,0,0,119,NA,493,5,NA,NA,NA,NA,NA,NA,NA,27.0107707509881,NA,NA,NA,NA,NA,NA,59.5,NA,14.7252964426877,5,NA,NA,NA,NA,NA,244,NA,34,13,NA,NA,NA,NA,NA,119,NA,493,5,NA,NA,NA,NA,NA,4,NA,4,4,NA,NA,NA,NA,NA,NA,NA,17.81,NA,NA,NA,NA,NA,NA,NA,NA,34.62,NA,NA,NA,NA,NA,NA,12,NA,3,5,NA,NA,NA,NA,NA,107,NA,30,5,NA,NA,NA,NA,NA,3,34,1,0,1,1,0,0,0,0,0,17,0,0,0,0,0,0,1,17,1,0.146396487754239,49,"49_1","1",2025-01-22,"09:30:00",2025,"Jan",22,"Summer",1737538200,"Rocky"
110,"Ōkāreka",15325,"110_0",-38.16232,176.363,NA,"Sandy",2024-10-31 11:20:00,"Cloudy",6.66666666666667,1,1,75.5268575777751,364.852620125138,332.247986624121,0.0601960005934556,NA,3434118.08964225,11094.5247032865,3.43411808964225,11.0945247032865,19.6,20,33.5,0.064,355,"Stratified",3.1,"Mesotrophic",65.2,NA,1,NA,0.6,0.06,100,NA,80,0,0,0,0,0,0,90,0,10,0,NA,16.3,9.61,98,62.2,76.1042456870182,8.35,0,NA,10,NA,0,0,0,0,131,0,8,100,0,11,0,0,0,32.75,0,2,25,0,2.75,0,0,0,0,0,27,0,0,80.5,0,0,0,0,NA,108,0,NA,322,NA,NA,NA,NA,NA,21.2142857142857,NA,NA,100.7,NA,NA,NA,NA,NA,9.42857142857143,NA,NA,17.45,NA,NA,NA,131,NA,8,100,NA,11,NA,NA,NA,0,NA,108,0,NA,322,NA,NA,NA,4,NA,4,4,NA,4,NA,NA,NA,NA,NA,18,NA,NA,70,NA,NA,NA,NA,NA,41,NA,NA,171,NA,NA,NA,NA,NA,3,NA,NA,3,NA,NA,NA,NA,NA,56,NA,NA,66,NA,NA,NA,4,19,1,1,1,1,0,0,0,0,0,0,0,0,0,0,0,0,0,0,0,0.0662016156948032,50,"50_0","0",2024-10-31,"11:20:00",2024,"Oct",31,"Spring",1730373600,"Sandy"
111,"Ōkāreka",15325,"111_0",-38.1738,176.3558,NA,"Emergent Macrophyte",2024-10-31 14:00:00,"Sunny + windy",6.66666666666667,0,1,27.3722761079685,170.502061954915,170.208329893393,0.117503062350278,NA,3434118.08964225,11094.5247032865,3.43411808964225,11.0945247032865,19.6,20,33.5,0.064,355,"Stratified",3.1,"Mesotrophic",65.2,NA,1,NA,3,0.3,100,NA,0,0,0,0,0,0,0,0,0,100,0,NA,16.6,9.43,96.8,62.6,76.0077707625061,8.3,1,NA,0,NA,90,0,100,0,395,0,2,0,0,1,0,0,0,98.75,0,0.5,0,0,0.25,0,0,0,0,0,22,0,0,2.75,0,0,0,0,NA,88,NA,NA,11,NA,NA,NA,NA,NA,40.5,NA,NA,105,NA,NA,NA,NA,NA,44,NA,NA,11,NA,NA,NA,395,NA,2,NA,NA,1,NA,NA,NA,0,NA,88,NA,NA,11,NA,NA,NA,4,NA,4,NA,NA,4,NA,NA,NA,NA,NA,40,NA,NA,105,NA,NA,NA,NA,NA,41,NA,NA,105,NA,NA,NA,NA,NA,42,NA,NA,11,NA,NA,NA,NA,NA,46,NA,NA,11,NA,NA,NA,3,3,1,1,1,0,0,0,0,0,0,0,0,0,0,0,0,0,0,0,0,0.182666577681657,51,"51_0","0",2024-10-31,"14:00:00",2024,"Oct",31,"Spring",1730383200,"Emergent Macrophyte"
111,"Ōkāreka",15325,"111_1",-38.1738,176.3558,NA,"Emergent Macrophyte",2025-01-22 11:30:00,"Sunny",9.2,0,0,27.3722761079685,170.502061954915,170.208329893393,0.117503062350278,NA,3434118.08964225,11094.5247032865,3.43411808964225,11.0945247032865,19.6,20,33.5,0.064,355,"Stratified",3.1,"Mesotrophic",65.2,NA,1,NA,2.4,0.24,100,"Raupō",0,0,0,0,0,0,0,0,0,100,0,NA,21.4,9.19,104,70.9,76.6983989614885,8.48,1,NA,0,NA,30,0,60,5,0,2,8,0,0,4,0,0,0,0,0.5,2,0,0,1,0,0,0,92.75,18.25,81.75,0,0,44.75,0,0,0,371,73,327,NA,NA,179,NA,NA,NA,NA,107,36.6616666666667,NA,NA,110.666666666667,NA,NA,NA,100.25,36.5,36.5833333333333,NA,NA,31.8333333333333,NA,NA,NA,0,2,8,NA,NA,4,NA,NA,NA,371,73,327,NA,NA,179,NA,NA,NA,4,4,4,NA,NA,4,NA,NA,NA,NA,82,32.62,NA,NA,80,NA,NA,NA,NA,132,46.2,NA,NA,210,NA,NA,NA,30,17,21,NA,NA,6,NA,NA,NA,245,56,73,NA,NA,139,NA,NA,NA,3,14,1,1,1,0,0,1,0,0,0,15,0,0,0,0,0,0,1,15,0,0.182666577681657,51,"51_1","1",2025-01-22,"11:30:00",2025,"Jan",22,"Summer",1737545400,"Emergent Macrophyte"
112,"Ōkāreka",15325,"112_0",-38.17972,176.3565,NA,"Muddy",2025-01-22 10:21:00,"Windy",9.2,1,1,408.788572834147,609.920969695244,777.172,0.0257343290803065,NA,3434118.08964225,11094.5247032865,3.43411808964225,11.0945247032865,19.6,20,33.5,0.064,355,"Stratified",3.1,"Mesotrophic",65.2,NA,1,NA,0.5,0.05,0,NA,0,0,0,0,0,0,0,0,50,0,50,NA,20.3,9.32,102.8,69.2,76.7779873516032,8.6,0,NA,0,NA,0,0,0,0,0,0,0,0,0,0,0,0,0,0,0,0,0,0,0,0,0,0,1284.5,0,0,0,0,0,0,0,0,5138,NA,NA,NA,NA,NA,NA,NA,NA,NA,NA,NA,NA,NA,NA,NA,NA,NA,263.65,NA,NA,NA,NA,NA,NA,NA,NA,0,NA,NA,NA,NA,NA,NA,NA,NA,5138,NA,NA,NA,NA,NA,NA,NA,NA,4,NA,NA,NA,NA,NA,NA,NA,NA,NA,NA,NA,NA,NA,NA,NA,NA,NA,NA,NA,NA,NA,NA,NA,NA,NA,NA,15,NA,NA,NA,NA,NA,NA,NA,NA,628,NA,NA,NA,NA,NA,NA,NA,NA,0,0,0,0,1,0,0,0,0,0,0,18,0,0,0,0,0,0,1,18,0,0.0122312616650089,52,"52_0","0",2025-01-22,"10:21:00",2025,"Jan",22,"Summer",1737541260,"Muddy"
113,"Ōkāreka",15325,"113_0",-38.17637,176.3755,NA,"Rocky",2025-01-22 09:00:00,"Windy",9.2,0,1,72.7347524596545,169.449157280751,169.241617628642,0.118174242720162,NA,3434118.08964225,11094.5247032865,3.43411808964225,11.0945247032865,19.6,20,33.5,0.064,355,"Stratified",3.1,"Mesotrophic",65.2,NA,1,9.2,1.8,0.18,100,"Native forest",100,0,0,0,30,0,0,70,0,0,0,NA,20.7,8.83,98.5,69.7,76.6186654941189,9,0,NA,30,NA,0,0,0,0,125,0,28,0,0,0,0,0,0,31.25,0,7,0,0,0,0,0,0,28.5,0,147,0,0,0,0,0,0,114,NA,588,NA,NA,NA,NA,NA,NA,NA,NA,29.3256818181818,NA,NA,NA,NA,NA,NA,57,NA,19.4848484848485,NA,NA,NA,NA,NA,NA,125,NA,28,NA,NA,NA,NA,NA,NA,114,NA,588,NA,NA,NA,NA,NA,NA,4,NA,4,NA,NA,NA,NA,NA,NA,NA,NA,21.24,NA,NA,NA,NA,NA,NA,NA,NA,40.56,NA,NA,NA,NA,NA,NA,9,NA,8,NA,NA,NA,NA,NA,NA,105,NA,43,NA,NA,NA,NA,NA,NA,2,28,1,0,1,0,0,0,0,0,0,11,0,0,0,0,0,0,1,11,1,0.068742930042602,53,"53_0","0",2025-01-22,"09:00:00",2025,"Jan",22,"Summer",1737536400,"Rocky"
114,"Ōkāreka",15325,"114_0",-38.16176,176.3557,NA,"Emergent Macrophyte",2024-10-31 11:00:00,"Cloudy + windy",6.4,0,1,25.298489894855,286.512485429741,285.328641897722,0.0700946104358116,NA,3434118.08964225,11094.5247032865,3.43411808964225,11.0945247032865,19.6,20,33.5,0.064,355,"Stratified",3.1,"Mesotrophic",65.2,NA,1,6.4,1.1,0.11,100,NA,50,0,0,0,0,0,0,0,0,100,0,NA,16,9.18,93.1,61.8,76.2022194821208,8.31,1,NA,0,NA,90,0,0,0,125,0,2,5,0,2,1,0,0,31.25,0,0.5,1.25,0,0.5,0.25,0,0,0,0,21.5,0,0,5.75,300,0,0,0,NA,86,0,NA,23,1200,NA,NA,NA,NA,38.5,NA,NA,102.5,560,NA,NA,NA,NA,43,NA,NA,11.5,1200,NA,NA,125,NA,2,5,NA,2,1,NA,NA,0,NA,86,0,NA,23,1200,NA,NA,4,NA,4,4,NA,4,4,NA,NA,NA,NA,34,NA,NA,80,560,NA,NA,NA,NA,43,NA,NA,125,560,NA,NA,NA,NA,31,NA,NA,3,1200,NA,NA,NA,NA,55,NA,NA,20,1200,NA,NA,5,5,1,1,1,1,1,0,0,0,0,0,0,0,0,0,0,0,0,0,0,0.197640255239775,54,"54_0","0",2024-10-31,"11:00:00",2024,"Oct",31,"Spring",1730372400,"Emergent Macrophyte"
115,"Ōkāreka",15325,"115_0",-38.17203,176.3559,NA,"Sandy",2024-10-31 13:40:00,"Cloudy + windy",6.66666666666667,1,1,37.8733887673673,97.7338097506548,92.7157039998513,0.215713187056554,NA,3434118.08964225,11094.5247032865,3.43411808964225,11.0945247032865,19.6,20,33.5,0.064,355,"Stratified",3.1,"Mesotrophic",65.2,NA,1,NA,0.8,0.08,100,NA,100,0,0,0,0,0,0,50,0,50,0,NA,16.4,9.55,97.5,62,75.6651208201123,8.22,0,NA,25,NA,0,0,0,0,180,1,21,3,0,1,0,0,0,45,0.25,5.25,0.75,0,0.25,0,0,0,0,56.5,140.25,0,0,38.5,0,0,0,0,226,561,0,NA,154,NA,NA,NA,NA,206,31.2590909090909,NA,NA,225,NA,NA,NA,NA,226,28.05,NA,NA,154,NA,NA,NA,180,1,21,3,NA,1,NA,NA,NA,0,226,561,0,NA,154,NA,NA,NA,4,4,4,4,NA,4,NA,NA,NA,NA,206,19,NA,NA,225,NA,NA,NA,NA,206,43,NA,NA,225,NA,NA,NA,NA,226,5,NA,NA,154,NA,NA,NA,NA,226,60,NA,NA,154,NA,NA,NA,5,23,1,1,1,1,0,1,0,0,0,1,1,0,0,0,0,0,2,2,0,0.132018817505661,55,"55_0","0",2024-10-31,"13:40:00",2024,"Oct",31,"Spring",1730382000,"Sandy"
115,"Ōkāreka",15325,"115_1",-38.17203,176.3559,NA,"Sandy",2025-01-22 11:00:00,"Sunny + Little wind",9.2,0,0,37.8733887673673,97.7338097506548,92.7157039998513,0.215713187056554,NA,3434118.08964225,11094.5247032865,3.43411808964225,11.0945247032865,19.6,20,33.5,0.064,355,"Stratified",3.1,"Mesotrophic",65.2,NA,1,NA,1.9,0.19,100,"Native forest",100,0,0,0,0,0,0,80,0,0,20,NA,21.2,9.04,101.7,70.4,76.5051075853075,8.41,0,NA,50,NA,0,0,0,0,25,0,57,0,0,2,0,0,0,6.25,0,14.25,0,0,0.5,0,0,0,47,0,386.25,0,0,1.5,0,0,0,188,NA,1545,NA,NA,6,NA,NA,NA,NA,NA,33.3659571428571,NA,NA,67.5,NA,NA,NA,94,NA,28.1042857142857,NA,NA,3,NA,NA,NA,25,NA,57,NA,NA,2,NA,NA,NA,188,NA,1545,NA,NA,6,NA,NA,NA,4,NA,4,NA,NA,4,NA,NA,NA,NA,NA,15.28,NA,NA,65,NA,NA,NA,NA,NA,49.74,NA,NA,70,NA,NA,NA,17,NA,3,NA,NA,3,NA,NA,NA,171,NA,83,NA,NA,3,NA,NA,NA,3,59,1,1,1,0,0,0,0,0,0,12,0,0,0,0,0,0,1,12,0,0.132018817505661,55,"55_1","1",2025-01-22,"11:00:00",2025,"Jan",22,"Summer",1737543600,"Sandy"
116,"Ōkāreka",15325,"116_0",-38.17679,176.3551,NA,"Muddy",2024-10-31 13:10:00,"Sunny",6.66666666666667,1,1,219.022180413599,275.984384677454,466.526,0.0428700651196289,NA,3434118.08964225,11094.5247032865,3.43411808964225,11.0945247032865,19.6,20,33.5,0.064,355,"Stratified",3.1,"Mesotrophic",65.2,NA,1,NA,0.5,0.05,10,NA,0,0,1,0,0,0,0,0,90,10,0,NA,16.1,9.14,94.1,63.9,78.5881195424917,7.77,1,"Giant spike rush, Water lilies",0,NA,10,30,0,0,1420,18,0,105,0,3,0,0,0,355,4.5,0,26.25,0,0.75,0,0,0,0,427.25,0,0,0,3.75,0,0,0,0,1709,NA,0,NA,15,NA,NA,NA,NA,135.222222222222,NA,NA,NA,83.3333333333333,NA,NA,NA,NA,94.9444444444444,NA,NA,NA,5,NA,NA,NA,1420,18,NA,105,NA,3,NA,NA,NA,0,1709,NA,0,NA,15,NA,NA,NA,4,4,NA,4,NA,4,NA,NA,NA,NA,63,NA,NA,NA,75,NA,NA,NA,NA,235,NA,NA,NA,90,NA,NA,NA,NA,4,NA,NA,NA,3,NA,NA,NA,NA,366,NA,NA,NA,8,NA,NA,NA,4,21,0,1,1,1,0,1,0,0,0,2,1,0,0,0,0,0,2,3,0,0.0228287381239565,56,"56_0","0",2024-10-31,"13:10:00",2024,"Oct",31,"Spring",1730380200,"Muddy"
116,"Ōkāreka",15325,"116_1",-38.17679,176.3551,NA,"Muddy",2025-01-22 10:30:00,"Sunny",6.66666666666667,0,0,219.022180413599,275.984384677454,466.526,0.0428700651196289,NA,3434118.08964225,11094.5247032865,3.43411808964225,11.0945247032865,19.6,20,33.5,0.064,355,"Stratified",3.1,"Mesotrophic",65.2,NA,1,NA,0.65,0.065,20,"Grass",0,0,0,0,0,0,0,0,50,0,50,NA,20.5,8.88,98.3,69,76.2009939260077,8.26,1,"Water lilies",0,NA,10,50,2,0,0,0,0,0,0,0,0,0,0,0,0,0,0,0,0,0,0,0,1048.25,0,0,0,0,0,0,0,0,4193,NA,NA,NA,NA,NA,NA,NA,NA,NA,NA,NA,NA,NA,NA,NA,NA,NA,279.125,NA,NA,NA,NA,NA,NA,NA,NA,0,NA,NA,NA,NA,NA,NA,NA,NA,4193,NA,NA,NA,NA,NA,NA,NA,NA,4,NA,NA,NA,NA,NA,NA,NA,NA,NA,NA,NA,NA,NA,NA,NA,NA,NA,NA,NA,NA,NA,NA,NA,NA,NA,NA,39,NA,NA,NA,NA,NA,NA,NA,NA,579,NA,NA,NA,NA,NA,NA,NA,NA,0,0,0,0,1,0,0,0,0,0,0,0,0,0,0,0,0,0,0,0,0,0.0228287381239565,56,"56_1","1",2025-01-22,"10:30:00",2025,"Jan",22,"Summer",1737541800,"Muddy"
117,"Ōkāreka",15325,"117_0",-38.17063,176.3718,NA,"Rocky",2024-10-31 11:44:00,"Cloudy + windy",6.66666666666667,0,1,29.0055734674296,107.758977700133,105.815168000486,0.189008819604276,NA,3434118.08964225,11094.5247032865,3.43411808964225,11.0945247032865,19.6,20,33.5,0.064,355,"Stratified",3.1,"Mesotrophic",65.2,NA,1,NA,2,0.2,100,NA,100,0,0,0,80,0,0,20,0,0,0,NA,16.3,9.21,93.8,61.9,75.737183408785,8.28,0,NA,10,NA,0,0,0,0,53,0,17,5,0,0,0,0,0,13.25,0,4.25,1.25,0,0,0,0,0,0,0,23.25,0,0,0,0,0,0,0,NA,93,0,NA,NA,NA,NA,NA,NA,NA,22.1111111111111,NA,NA,NA,NA,NA,NA,NA,NA,6.1875,NA,NA,NA,NA,NA,NA,53,NA,17,5,NA,NA,NA,NA,NA,0,NA,93,0,NA,NA,NA,NA,NA,4,NA,4,4,NA,NA,NA,NA,NA,NA,NA,12,NA,NA,NA,NA,NA,NA,NA,NA,45,NA,NA,NA,NA,NA,NA,NA,NA,3,NA,NA,NA,NA,NA,NA,NA,NA,17,NA,NA,NA,NA,NA,NA,3,17,1,0,1,1,0,0,0,0,0,0,0,0,0,0,0,0,0,0,1,0.172380663516772,57,"57_0","0",2024-10-31,"11:44:00",2024,"Oct",31,"Spring",1730375040,"Rocky"
117,"Ōkāreka",15325,"117_1",-38.17063,176.3718,NA,"Rocky",2025-01-22 09:50:00,"Sunny",9.2,0,0,29.0055734674296,107.758977700133,105.815168000486,0.189008819604276,NA,3434118.08964225,11094.5247032865,3.43411808964225,11.0945247032865,19.6,20,33.5,0.064,355,"Stratified",3.1,"Mesotrophic",65.2,NA,1,NA,1.5,0.15,100,"Native forest",100,0,0,0,80,0,0,20,0,0,0,NA,20.8,8.86,99.1,70.2,76.990568107041,8.54,0,NA,20,NA,0,0,0,0,305,0,47,12,0,0,0,0,0,101.666666666667,0,15.6666666666667,4,0,0,0,0,0,57.3333333333333,0,200.666666666667,2.66666666666667,0,0,0,0,0,172,NA,602,8,NA,NA,NA,NA,NA,NA,NA,25.2391823308271,NA,NA,NA,NA,NA,NA,172,NA,12.9830827067669,8,NA,NA,NA,NA,NA,305,NA,47,12,NA,NA,NA,NA,NA,172,NA,602,8,NA,NA,NA,NA,NA,3,NA,3,3,NA,NA,NA,NA,NA,NA,NA,13.22,NA,NA,NA,NA,NA,NA,NA,NA,45.73,NA,NA,NA,NA,NA,NA,172,NA,1,8,NA,NA,NA,NA,NA,172,NA,72,8,NA,NA,NA,NA,NA,3,47,1,0,1,1,0,0,0,0,0,17,0,0,0,0,0,0,1,17,1,0.172380663516772,57,"57_1","1",2025-01-22,"09:50:00",2025,"Jan",22,"Summer",1737539400,"Rocky"
118,"Ōkāreka",15325,"118_0",-38.16735,176.3474,NA,"Sandy",2024-10-31 10:00:00,"Cloudy",7.4,1,1,67.6277318591988,360.591898835181,360.11133465248,0.0555383795939128,NA,3434118.08964225,11094.5247032865,3.43411808964225,11.0945247032865,19.6,20,33.5,0.064,355,"Stratified",3.1,"Mesotrophic",65.2,NA,1,7.4,0.9,0.09,0,NA,0,0,1,0,5,0,0,20,0,0,75,NA,16,9.74,98.6,62.3,76.8187422934649,8.19,0,NA,0,NA,0,0,0,0,201,1,0,17,0,10,0,0,0,50.25,0.25,0,4.25,0,2.5,0,0,0,0,70.25,0,0,0,57.5,0,0,0,0,281,NA,0,NA,230,NA,NA,NA,NA,230,NA,NA,NA,121.9,NA,NA,NA,NA,281,NA,NA,NA,23,NA,NA,NA,201,1,NA,17,NA,10,NA,NA,NA,0,281,NA,0,NA,230,NA,NA,NA,4,4,NA,4,NA,4,NA,NA,NA,NA,230,NA,NA,NA,75,NA,NA,NA,NA,230,NA,NA,NA,175,NA,NA,NA,NA,281,NA,NA,NA,7,NA,NA,NA,NA,281,NA,NA,NA,50,NA,NA,NA,4,11,0,1,1,1,0,1,0,0,0,0,0,0,0,0,0,0,0,0,1,0.0739341666878614,58,"58_0","0",2024-10-31,"10:00:00",2024,"Oct",31,"Spring",1730368800,"Sandy"
119,"Ōkāreka",15325,"119_0",-38.17664,176.3527,NA,"Emergent Macrophyte",2024-10-31 14:30:00,"Cloudy + windy",6.66666666666667,0,1,33.6496755721102,166.744947575335,166.710960104996,0.119968117197597,NA,3434118.08964225,11094.5247032865,3.43411808964225,11.0945247032865,19.6,20,33.5,0.064,355,"Stratified",3.1,"Mesotrophic",65.2,NA,1,NA,1.2,0.12,100,NA,100,0,0,0,0,0,0,0,0,100,0,NA,16.8,9.69,99.7,62.6,75.6221309495047,8.32,1,NA,15,NA,50,0,20,0,166,0,7,0,0,0,0,0,0,41.5,0,1.75,0,0,0,0,0,0,3.25,0,63,0,0,0,0,0,0,13,NA,252,NA,NA,NA,NA,NA,NA,90,NA,35.7,NA,NA,NA,NA,NA,NA,13,NA,36.3,NA,NA,NA,NA,NA,NA,166,NA,7,NA,NA,NA,NA,NA,NA,13,NA,252,NA,NA,NA,NA,NA,NA,4,NA,4,NA,NA,NA,NA,NA,NA,90,NA,19,NA,NA,NA,NA,NA,NA,90,NA,46,NA,NA,NA,NA,NA,NA,13,NA,5,NA,NA,NA,NA,NA,NA,13,NA,65,NA,NA,NA,NA,NA,NA,2,7,1,0,1,0,0,0,0,0,0,2,0,0,0,0,0,0,1,2,0,0.14858984269507,59,"59_0","0",2024-10-31,"14:30:00",2024,"Oct",31,"Spring",1730385000,"Emergent Macrophyte"
119,"Ōkāreka",15325,"119_1",-38.17664,176.3527,NA,"Emergent Macrophyte",2025-01-22 11:45:00,"Sunny",9.2,0,0,33.6496755721102,166.744947575335,166.710960104996,0.119968117197597,NA,3434118.08964225,11094.5247032865,3.43411808964225,11.0945247032865,19.6,20,33.5,0.064,355,"Stratified",3.1,"Mesotrophic",65.2,NA,1,NA,1.9,0.19,30,"Willow",100,0,0,0,0,0,0,0,0,100,0,NA,21.5,9.34,105.1,70.9,76.5245547760389,8.51,1,NA,2,NA,40,0,0,0,20,1,10,0,0,0,0,0,0,6.66666666666667,0.333333333333333,3.33333333333333,0,0,0,0,0,0,147,24.3333333333333,127.666666666667,0,0,0,0,0,0,441,73,383,NA,NA,NA,NA,NA,NA,NA,145,36.4179166666667,NA,NA,NA,NA,NA,NA,115.25,73,36.1666666666667,NA,NA,NA,NA,NA,NA,20,1,10,NA,NA,NA,NA,NA,NA,441,73,383,NA,NA,NA,NA,NA,NA,3,3,3,NA,NA,NA,NA,NA,NA,NA,145,28.33,NA,NA,NA,NA,NA,NA,NA,145,49.5,NA,NA,NA,NA,NA,NA,20,73,19,NA,NA,NA,NA,NA,NA,261,73,85,NA,NA,NA,NA,NA,NA,3,11,1,0,1,0,0,1,0,0,0,17,0,0,0,0,0,0,1,17,0,0.14858984269507,59,"59_1","1",2025-01-22,"11:45:00",2025,"Jan",22,"Summer",1737546300,"Emergent Macrophyte"
120,"Ōkāreka",15325,"120_0",-38.17284,176.3504,NA,"Sandy",2024-10-31 09:10:00,"Sunny + cloudy",6.2,1,1,40.2295087875804,108.398427875167,108.398427875167,0.184504520886892,NA,3434118.08964225,11094.5247032865,3.43411808964225,11.0945247032865,19.6,20,33.5,0.064,355,"Stratified",3.1,"Mesotrophic",65.2,NA,1,6.2,0.6,0.06,100,NA,0,0,1,0,0,0,0,10,0,0,90,NA,16,9.48,96,61.8,76.2022194821208,8.28,1,NA,5,NA,0,0,10,0,170,0,19,2,0,6,1,0,0,42.5,0,4.75,0.5,0,1.5,0.25,0,0,0,0,82,0,0,19.75,3.75,0,0,0,NA,328,0,NA,79,15,NA,NA,NA,NA,25.6315789473684,55,NA,108.5,110,NA,NA,NA,NA,17.2631578947368,NA,NA,13.1666666666667,15,NA,NA,170,NA,19,2,NA,6,1,NA,NA,0,NA,328,0,NA,79,15,NA,NA,4,NA,4,4,NA,4,4,NA,NA,NA,NA,13,55,NA,80,110,NA,NA,NA,NA,35,55,NA,130,110,NA,NA,NA,NA,3,NA,NA,5,15,NA,NA,NA,NA,36,NA,NA,23,15,NA,NA,5,26,1,1,1,1,1,0,0,0,0,3,0,0,0,0,0,0,1,3,0,0.12428687674018,60,"60_0","0",2024-10-31,"09:10:00",2024,"Oct",31,"Spring",1730365800,"Sandy"
